Date,bitcoin,btc,cryptocurrency
04-07-2014,"23,297","4,848",0
04-08-2014,"24,112","5,171",0
04-09-2014,"26,953","5,412",0
04-10-2014,"25,589","5,510",0
04-11-2014,"22,617","5,256",0
04-12-2014,"15,827","4,988",0
4-13-2014,"13,358","4,485",0
4-14-2014,"18,436","5,393",0
4-15-2014,"22,889","6,370",0
4-16-2014,"29,808","5,630",0
4-17-2014,"20,833","5,156",0
4-18-2014,"18,523","5,014",0
4-19-2014,"16,005","4,664",0
4-20-2014,"14,361","4,559",0
4-21-2014,"19,254","4,903",0
4-22-2014,"22,393","5,819",0
4-23-2014,"23,156","5,292",0
4-24-2014,"23,046","5,433",0
4-25-2014,"23,651","5,526",0
4-26-2014,"15,403","5,202",0
4-27-2014,"14,501","6,256",0
4-28-2014,"20,604","5,695",0
4-29-2014,"26,259","5,800",0
4-30-2014,"30,916","5,441",0
05-01-2014,"20,434","5,146",0
05-02-2014,"18,697","5,222",0
05-03-2014,"15,721","5,323",0
05-04-2014,"14,876","4,946",0
05-05-2014,"23,644","5,317",0
05-06-2014,"25,490","7,072",0
05-07-2014,"21,763","5,294",0
05-08-2014,"27,592","5,081",0
05-09-2014,"28,624","5,295",0
05-10-2014,"18,285","4,695",0
05-11-2014,"16,041","4,910",0
05-12-2014,"19,316","5,166",0
5-13-2014,"23,974","5,135",0
5-14-2014,"22,526","5,281",0
5-15-2014,"21,633","5,365",0
5-16-2014,"28,352","5,325",0
5-17-2014,"17,296","5,372",0
5-18-2014,"17,082","5,222",0
5-19-2014,"24,915","5,226",0
5-20-2014,"25,660","5,683",0
5-21-2014,"23,831","5,908",0
5-22-2014,"24,918","6,443",0
5-23-2014,"27,566","6,386",0
5-24-2014,"15,056","5,470",0
5-25-2014,"16,029","5,872",0
5-26-2014,"18,879","5,623",0
5-27-2014,"22,525","6,163",0
5-28-2014,"22,323","5,476",0
5-29-2014,"28,195","5,657",0
5-30-2014,"22,953","5,376",0
5-31-2014,"16,177","4,928",0
06-01-2014,"16,024","5,447",0
06-02-2014,"22,225","5,450",0
06-03-2014,"27,819","5,754",0
06-04-2014,"23,826","5,822",0
06-05-2014,"22,357","5,481",0
06-06-2014,"21,191","5,288",0
06-07-2014,"15,285","4,566",0
06-08-2014,"13,932","4,765",0
06-09-2014,"17,850","5,666",0
06-10-2014,"21,098","5,516",0
06-11-2014,"27,088","5,758",0
06-12-2014,"28,361","6,163",0
6-13-2014,"26,729","6,342",0
6-14-2014,"19,831","5,034",0
6-15-2014,"19,823","5,217",0
6-16-2014,"29,470","5,808",0
6-17-2014,"25,210","5,828",0
6-18-2014,"29,059","5,755",0
6-19-2014,"24,884","5,890",0
6-20-2014,"21,588","5,447",0
6-21-2014,"16,844","5,202",0
6-22-2014,"15,462","4,544",0
6-23-2014,"21,363","5,370",0
6-24-2014,"21,238","5,170",0
6-25-2014,"21,303","5,540",0
6-26-2014,"21,587","5,733",0
6-27-2014,"21,138","5,642",0
6-28-2014,"16,647","4,895",0
6-29-2014,"18,250","4,667",0
6-30-2014,"27,472","5,835",0
07-01-2014,"27,626","5,449",0
07-02-2014,"28,898","5,379",0
07-03-2014,"24,880","5,186",0
07-04-2014,"22,913","5,024",0
07-05-2014,"16,731","4,680",0
07-06-2014,"15,871","4,531",0
07-07-2014,"23,712","5,445",0
07-08-2014,"24,370","5,619",0
07-09-2014,"24,512","5,369",0
07-10-2014,"25,843","5,307",0
07-11-2014,"23,170","5,307",0
07-12-2014,"18,376","4,794",0
7-13-2014,"16,006","4,728",0
7-14-2014,"20,651","5,007",0
7-15-2014,"26,378","5,641",0
7-16-2014,"27,361","5,359",0
7-17-2014,"26,990","5,447",0
7-18-2014,"32,056","5,029",0
7-19-2014,"22,481","4,816",0
7-20-2014,"18,927","4,655",0
7-21-2014,"25,970","5,752",0
7-22-2014,"23,561","5,411",0
7-23-2014,"23,528","5,248",0
7-24-2014,"22,792","5,343",0
7-25-2014,"27,083","5,270",0
7-26-2014,"19,772","4,673",0
7-27-2014,"18,761","4,592",0
7-28-2014,"31,771","7,041",0
7-29-2014,"29,666","5,083",0
7-30-2014,"31,676","5,618",0
7-31-2014,"29,330","5,308",0
08-01-2014,"26,925","5,185",0
08-02-2014,"21,580","4,431",0
08-03-2014,"20,275","4,300",0
08-04-2014,"25,282","5,366",0
08-05-2014,"26,276","5,142",0
08-06-2014,"30,077","5,079",0
08-07-2014,"28,534","5,367",0
08-08-2014,"29,681","5,694",0
08-09-2014,"21,272","5,074",0
08-10-2014,"21,090","4,831",0
08-11-2014,"30,434","5,634",0
08-12-2014,"29,654","5,321",0
8-13-2014,"28,566","5,615",0
8-14-2014,"28,984","5,747",0
8-15-2014,"31,212","5,423",0
8-16-2014,"25,749","4,944",0
8-17-2014,"20,659","5,143",0
8-18-2014,"29,389","6,277",0
8-19-2014,"29,436","6,497",0
8-20-2014,"29,970","8,312",0
8-21-2014,"26,721","7,457",0
8-22-2014,"26,195","7,390",0
8-23-2014,"21,451","5,570",0
8-24-2014,"18,901","5,083",0
8-25-2014,"25,080","5,154",0
8-26-2014,"25,766","5,303",0
8-27-2014,"23,770","5,948",0
8-28-2014,"27,553","6,073",0
8-29-2014,"27,279","5,245",0
8-30-2014,"23,715","4,825",0
8-31-2014,"20,946","5,524",0
09-01-2014,"25,108","5,314",0
09-02-2014,"29,159","5,733",0
09-03-2014,"29,596","6,575",0
09-04-2014,"33,518","6,936",0
09-05-2014,"31,214","5,994",0
09-06-2014,"22,634","6,415",0
09-07-2014,"21,468","6,789",0
09-08-2014,"31,376","5,841",0
09-09-2014,"41,180","7,288",0
09-10-2014,"34,828","5,755",0
09-11-2014,"37,179","5,675",0
09-12-2014,"29,306","5,273",0
9-13-2014,"21,855","4,981",0
9-14-2014,"21,855","4,894",0
9-15-2014,"29,503","5,541",0
9-16-2014,"27,368","5,539",0
9-17-2014,"30,693","5,721",0
9-18-2014,"31,191","5,884",0
9-19-2014,"29,885","7,283",0
9-20-2014,"21,041","5,903",0
9-21-2014,"21,499","6,296",0
9-22-2014,"28,914","6,294",0
9-23-2014,"39,278","6,808",0
9-24-2014,"35,524","6,057",0
9-25-2014,"28,497","5,933",0
9-26-2014,"26,257","6,716",0
9-27-2014,"22,134","5,343",0
9-28-2014,"22,527","5,405",0
9-29-2014,"30,105","6,476",0
9-30-2014,"30,739","6,372",0
10-01-2014,"28,084","5,895",0
10-02-2014,"25,562","5,231",0
10-03-2014,"28,304","5,655",0
10-04-2014,"25,513","5,747",0
10-05-2014,"28,336","6,487",0
10-06-2014,"36,255","7,063",0
10-07-2014,"35,252","7,181",0
10-08-2014,"31,310","6,518",0
10-09-2014,"30,771","5,818",0
10-10-2014,"26,381","5,694",0
10-11-2014,"21,996","5,020",0
10-12-2014,"22,078","4,955",0
10-13-2014,"28,919","5,424",0
10-14-2014,"34,739","7,941",0
10-15-2014,"30,933","5,795",0
10-16-2014,"28,972","6,017",0
10-17-2014,"28,276","5,486",0
10-18-2014,"23,426","5,478",0
10-19-2014,"21,766","5,550",0
10-20-2014,"29,301","6,439",0
10-21-2014,"30,848","6,011",0
10-22-2014,"29,154","5,477",0
10-23-2014,"28,333","5,553",0
10-24-2014,"27,657","5,254",0
10-25-2014,"23,774","5,226",0
10-26-2014,"22,550","5,532",0
10-27-2014,"26,939","5,617",0
10-28-2014,"26,891","5,409",0
10-29-2014,"29,544","5,630",0
10-30-2014,"29,310","7,993",0
10-31-2014,"27,265","19,578",0
11-01-2014,"23,555","6,411",0
11-02-2014,"24,017","5,541",0
11-03-2014,"30,719","5,206",0
11-04-2014,"29,948","5,168",0
11-05-2014,"29,311","5,383",0
11-06-2014,"33,328","5,562",0
11-07-2014,"32,295","6,076",0
11-08-2014,"25,308","5,868",0
11-09-2014,"24,074","5,478",0
11-10-2014,"28,750","5,376",0
11-11-2014,"30,840","5,448",0
11-12-2014,"32,844","6,344",0
11-13-2014,"35,207","5,769",0
11-14-2014,"32,470","5,452",0
11-15-2014,"28,660","4,959",0
11-16-2014,"26,956","4,873",0
11-17-2014,"34,000","5,725",0
11-18-2014,"35,733","5,399",0
11-19-2014,"31,961","5,173",0
11-20-2014,"32,060","5,707",0
11-21-2014,"31,135","5,226",0
11-22-2014,"25,494","5,053",0
11-23-2014,"24,514","5,417",0
11-24-2014,"30,107","5,696",0
11-25-2014,"33,005","6,347",0
11-26-2014,"35,721","12,878",0
11-27-2014,"31,811","11,583",0
11-28-2014,"30,813","13,428",0
11-29-2014,"27,086","4,942",0
11-30-2014,"23,326","4,876",0
12-01-2014,"33,892","8,188",0
12-02-2014,"38,810","6,518",0
12-03-2014,"32,590","5,614",0
12-04-2014,"32,051","5,465",0
12-05-2014,"30,823","5,664",0
12-06-2014,"25,295","4,849",0
12-07-2014,"27,367","4,920",0
12-08-2014,"30,505","5,595",0
12-09-2014,"35,800","6,539",0
12-10-2014,"31,842","5,589",0
12-11-2014,"53,514","5,874",0
12-12-2014,"38,573","5,291",0
12-13-2014,"29,084","4,969",0
12-14-2014,"27,733","5,022",0
12-15-2014,"33,746","5,496",0
12-16-2014,"37,020","5,994",0
12-17-2014,"34,845","5,783",0
12-18-2014,"34,406","6,008",0
12-19-2014,"31,123","4,945",0
12-20-2014,"27,573","4,646",0
12-21-2014,"28,074","4,415",0
12-22-2014,"31,997","4,902",0
12-23-2014,"30,702","4,587",0
12-24-2014,"29,948","4,482",0
12-25-2014,"24,960","4,211",0
12-26-2014,"29,993","4,350",0
12-27-2014,"36,291","4,401",0
12-28-2014,"24,267","4,205",0
12-29-2014,"26,976","4,149",0
12-30-2014,"28,321","4,419",0
12-31-2014,"30,033","4,585",0
01-01-2015,"25,326","4,536",0
01-02-2015,"31,612","5,311",0
01-03-2015,"24,985","6,020",0
01-04-2015,"27,218","6,544",0
01-05-2015,"36,823","6,534",0
01-06-2015,"37,278","5,788",0
01-07-2015,"33,893","5,376",0
01-08-2015,"29,430","5,471",0
01-09-2015,"38,253","6,854",0
01-10-2015,"26,431","5,182",0
01-11-2015,"24,570","5,395",0
01-12-2015,"30,559","6,954",0
1-13-2015,"37,057","8,935",0
1-14-2015,"43,953","6,621",0
1-15-2015,"39,157","7,244",0
1-16-2015,"32,712","5,750",0
1-17-2015,"25,581","5,076",0
1-18-2015,"26,963","4,949",0
1-19-2015,"34,813","7,565",0
1-20-2015,"36,373","5,103",0
1-21-2015,"33,163","5,155",0
1-22-2015,"35,242","5,107",0
1-23-2015,"36,468","5,256",0
1-24-2015,"30,928","7,303",0
1-25-2015,"28,899","4,878",0
1-26-2015,"48,225","6,179",0
1-27-2015,"33,261","5,188",0
1-28-2015,"35,656","5,339",0
1-29-2015,"32,753","5,238",0
1-30-2015,"29,608","4,993",0
1-31-2015,"22,494","4,464",0
02-01-2015,"23,490","5,132",0
02-02-2015,"36,849","12,380",0
02-03-2015,"35,934","5,530",0
02-04-2015,"34,526","5,587",0
02-05-2015,"36,329","8,752",0
02-06-2015,"31,550","5,249",0
02-07-2015,"27,124","4,400",0
02-08-2015,"27,062","4,555",0
02-09-2015,"33,249","6,055",0
02-10-2015,"35,184","5,126",0
02-11-2015,"38,817","6,311",0
02-12-2015,"37,141","7,586",0
2-13-2015,"34,544","6,492",0
2-14-2015,"23,963","6,745",0
2-15-2015,"25,402","6,149",0
2-16-2015,"34,082","8,015",0
2-17-2015,"31,169","7,161",0
2-18-2015,"31,198","6,634",0
2-19-2015,"37,594","6,960",0
2-20-2015,"38,595","6,171",0
2-21-2015,"25,250","5,865",0
2-22-2015,"25,020","5,573",0
2-23-2015,"30,613","5,482",0
2-24-2015,"29,682","5,137",0
2-25-2015,"32,952","5,273",0
2-26-2015,"31,193","5,715",0
2-27-2015,"30,657","5,786",0
2-28-2015,"25,878","5,435",0
03-01-2015,"24,274","5,334",0
03-02-2015,"32,774","6,119",0
03-03-2015,"32,097","6,984",0
03-04-2015,"29,233","5,961",0
03-05-2015,"31,168","5,884",0
03-06-2015,"35,717","5,345",0
03-07-2015,"24,798","4,862",0
03-08-2015,"22,951","4,717",0
03-09-2015,"29,266","5,304",0
03-10-2015,"34,252","5,695",0
03-11-2015,"35,100","6,528",0
03-12-2015,"34,658","5,187",0
3-13-2015,"33,435","5,086",0
3-14-2015,"27,743","4,788",0
3-15-2015,"28,096","4,926",0
3-16-2015,"31,220","5,049",0
3-17-2015,"42,188","6,360",0
3-18-2015,"33,958","6,776",0
3-19-2015,"37,117","6,917",0
3-20-2015,"30,131","5,077",0
3-21-2015,"25,835","4,389",0
3-22-2015,"28,913","4,378",0
3-23-2015,"39,948","4,674",0
3-24-2015,"35,523","5,280",0
3-25-2015,"37,685","4,793",0
3-26-2015,"39,542","4,465",0
3-27-2015,"38,562","4,697",0
3-28-2015,"31,445","4,056",0
3-29-2015,"33,413","4,616",0
3-30-2015,"45,121","5,402",0
3-31-2015,"40,801","5,829",0
04-01-2015,"41,856","6,103",0
04-02-2015,"34,869","6,261",0
04-03-2015,"35,599","4,745",0
04-04-2015,"30,698","4,325",0
04-05-2015,"31,340","4,811",0
04-06-2015,"36,529","4,725",0
04-07-2015,"37,413","5,121",0
04-08-2015,"35,933","5,207",0
04-09-2015,"34,394","5,639",0
04-10-2015,"35,208","5,775",0
04-11-2015,"28,929","4,786",0
04-12-2015,"26,637","4,650",0
4-13-2015,"35,500","5,282",0
4-14-2015,"37,301","5,237",0
4-15-2015,"34,931","5,228",0
4-16-2015,"34,328","4,839",0
4-17-2015,"33,627","4,683",0
4-18-2015,"27,262","4,306",0
4-19-2015,"27,825","4,377",0
4-20-2015,"33,657","4,694",0
4-21-2015,"37,175","6,257",0
4-22-2015,"35,572","5,357",0
4-23-2015,"34,911","4,629",0
4-24-2015,"33,309","4,407",0
4-25-2015,"27,466","4,342",0
4-26-2015,"29,666","4,453",0
4-27-2015,"40,998","5,261",0
4-28-2015,"33,984","5,959",0
4-29-2015,"34,519","4,935",0
4-30-2015,"39,510","4,824",0
05-01-2015,"32,051","4,966",0
05-02-2015,"26,799","4,670",0
05-03-2015,"27,786","4,751",0
05-04-2015,"32,104","4,585",0
05-05-2015,"31,562","5,098",0
05-06-2015,"32,985","5,317",0
05-07-2015,"32,758","4,875",0
05-08-2015,"31,337","5,359",0
05-09-2015,"26,123","5,021",0
05-10-2015,"23,678","3,801",0
05-11-2015,"33,169","4,307",0
05-12-2015,"30,268","4,153",0
5-13-2015,"28,033","4,626",0
5-14-2015,"27,329","5,353",0
5-15-2015,"30,487","4,590",0
5-16-2015,"24,923","4,296",0
5-17-2015,"24,078","3,862",0
5-18-2015,"31,941","4,467",0
5-19-2015,"37,577","5,173",0
5-20-2015,"31,832","5,321",0
5-21-2015,"30,761","4,662",0
5-22-2015,"31,372","5,264",0
5-23-2015,"25,577","5,609",0
5-24-2015,"24,248","5,535",0
5-25-2015,"29,100","5,468",0
5-26-2015,"32,548","4,873",0
5-27-2015,"29,880","4,818",0
5-28-2015,"27,312","5,468",0
5-29-2015,"30,230","5,060",0
5-30-2015,"26,500","4,471",0
5-31-2015,"26,503","4,403",0
06-01-2015,"31,601","5,109",0
06-02-2015,"31,036","5,920",0
06-03-2015,"38,619","4,648",0
06-04-2015,"62,139","4,748",0
06-05-2015,"31,931","4,810",0
06-06-2015,"22,987","4,269",0
06-07-2015,"23,494","4,206",0
06-08-2015,"33,794","4,778",0
06-09-2015,"30,793","5,266",0
06-10-2015,"30,673","5,220",0
06-11-2015,"30,828","4,962",0
06-12-2015,"28,712","4,485",0
6-13-2015,"24,171","4,562",0
6-14-2015,"24,381","4,994",0
6-15-2015,"31,784","4,738",0
6-16-2015,"36,665","5,344",0
6-17-2015,"33,752","5,310",0
6-18-2015,"33,873","5,217",0
6-19-2015,"31,972","5,349",0
6-20-2015,"25,711","4,490",0
6-21-2015,"24,980","4,403",0
6-22-2015,"30,830","4,779",0
6-23-2015,"31,993","4,946",0
6-24-2015,"31,547","4,696",0
6-25-2015,"29,577","4,820",0
6-26-2015,"26,513","4,681",0
6-27-2015,"23,653","4,821",0
6-28-2015,"26,126","5,099",0
6-29-2015,"36,420","5,424",0
6-30-2015,"37,846","5,465",0
07-01-2015,"34,045","5,279",0
07-02-2015,"34,731","5,445",0
07-03-2015,"31,883","5,127",0
07-04-2015,"28,378","4,895",0
07-05-2015,"29,753","5,680",0
07-06-2015,"36,830","6,951",0
07-07-2015,"37,048","5,933",0
07-08-2015,"37,921","6,418",0
07-09-2015,"35,940","6,181",0
07-10-2015,"36,460","6,660",0
07-11-2015,"27,504","5,340",0
07-12-2015,"30,530","5,667",0
7-13-2015,"36,923","6,207",0
7-14-2015,"39,662","5,760",0
7-15-2015,"42,089","5,518",0
7-16-2015,"43,080","5,304",0
7-17-2015,"37,801","5,034",0
7-18-2015,"30,278","4,702",0
7-19-2015,"27,507","4,507",0
7-20-2015,"35,805","5,436",0
7-21-2015,"37,564","5,438",0
7-22-2015,"34,116","5,886",0
7-23-2015,"34,751","4,388",0
7-24-2015,"38,053","4,156",0
7-25-2015,"25,853","3,618",0
7-26-2015,"27,751","3,773",0
7-27-2015,"33,510","4,918",0
7-28-2015,"33,475","4,684",0
7-29-2015,"31,784","4,295",0
7-30-2015,"31,543","4,470",0
7-31-2015,"32,586","5,742",0
08-01-2015,"39,907","4,761",0
08-02-2015,"26,083","4,013",0
08-03-2015,"35,156","5,482",0
08-04-2015,"36,616","6,596",0
08-05-2015,"36,993","6,239",0
08-06-2015,"34,846","6,269",0
08-07-2015,"35,441","7,692",0
08-08-2015,"26,661","6,220",0
08-09-2015,"27,912","6,016",0
08-10-2015,"32,418","6,248",0
08-11-2015,"30,939","7,086",0
08-12-2015,"31,396","6,488",0
8-13-2015,"33,789","6,221",0
8-14-2015,"34,500","6,742",0
8-15-2015,"30,264","6,282",0
8-16-2015,"29,294","6,447",0
8-17-2015,"34,463","6,763",0
8-18-2015,"35,530","6,755",0
8-19-2015,"37,344","7,287",0
8-20-2015,"35,931","6,134",0
8-21-2015,"36,370","5,875",0
8-22-2015,"31,535","6,217",0
8-23-2015,"31,794","6,451",0
8-24-2015,"39,386","7,253",0
8-25-2015,"38,656","6,934",0
8-26-2015,"38,369","6,743",0
8-27-2015,"38,169","6,540",0
8-28-2015,"39,707","6,599",0
8-29-2015,"33,829","6,069",0
8-30-2015,"33,651","6,103",0
8-31-2015,"40,929","6,438",0
09-01-2015,"42,066","6,766",0
09-02-2015,"41,239","6,342",0
09-03-2015,"40,220","6,554",0
09-04-2015,"36,877","6,472",0
09-05-2015,"29,584","6,329",0
09-06-2015,"29,841","5,607",0
09-07-2015,"34,971","6,610",0
09-08-2015,"39,100","6,603",0
09-09-2015,"34,702","4,640",0
09-10-2015,"38,315","4,580",0
09-11-2015,"39,327","4,361",0
09-12-2015,"31,169","4,289",0
9-13-2015,"29,566","4,177",0
9-14-2015,"39,851","4,144",0
9-15-2015,"38,491","4,587",0
9-16-2015,"41,172","4,720",0
9-17-2015,"37,781","5,408",0
9-18-2015,"40,904","6,212",0
9-19-2015,"33,101","6,052",0
9-20-2015,"32,871","6,091",0
9-21-2015,"48,961","6,982",0
9-22-2015,"48,646","7,046",0
9-23-2015,"40,095","7,068",0
9-24-2015,"38,459","6,389",0
9-25-2015,"36,858","6,652",0
9-26-2015,"30,679","5,643",0
9-27-2015,"29,858","5,765",0
9-28-2015,"34,702","6,359",0
9-29-2015,"34,911","6,394",0
9-30-2015,"35,243","6,125",0
10-01-2015,"32,898","6,253",0
10-02-2015,"31,394","6,261",0
10-03-2015,"26,510","5,902",0
10-04-2015,"28,117","5,254",0
10-05-2015,"34,858","5,528",0
10-06-2015,"37,232","5,637",0
10-07-2015,"33,794","5,850",0
10-08-2015,"33,098","6,241",0
10-09-2015,"30,780","5,672",0
10-10-2015,"25,869","4,840",0
10-11-2015,"26,967","4,844",0
10-12-2015,"31,220","5,093",0
10-13-2015,"32,498","5,016",0
10-14-2015,"33,219","4,976",0
10-15-2015,"36,064","5,544",0
10-16-2015,"36,302","4,987",0
10-17-2015,"29,122","4,179",0
10-18-2015,"28,360","4,045",0
10-19-2015,"33,780","5,087",0
10-20-2015,"36,027","4,789",0
10-21-2015,"37,624","4,722",0
10-22-2015,"45,677","5,124",0
10-23-2015,"36,196","4,689",0
10-24-2015,"33,574","5,057",0
10-25-2015,"33,367","4,671",0
10-26-2015,"37,734","5,127",0
10-27-2015,"37,927","5,180",0
10-28-2015,"39,484","5,773",0
10-29-2015,"40,770","5,704",0
10-30-2015,"40,483","6,230",0
10-31-2015,"38,064","6,950",0
11-01-2015,"34,138","7,461",0
11-02-2015,"41,338","11,658",0
11-03-2015,"50,955","13,760",0
11-04-2015,"62,998","16,810",0
11-05-2015,"59,356","14,353",0
11-06-2015,"47,903","11,644",0
11-07-2015,"38,302","11,595",0
11-08-2015,"40,663","11,307",0
11-09-2015,"48,902","11,362",0
11-10-2015,"50,511","10,229",0
11-11-2015,"46,685","7,370",0
11-12-2015,"44,276","9,145",0
11-13-2015,"46,377","7,127",0
11-14-2015,"32,974","6,508",0
11-15-2015,"36,022","9,300",0
11-16-2015,"41,580","8,609",0
11-17-2015,"41,500","7,432",0
11-18-2015,"43,917","6,622",0
11-19-2015,"38,513","8,904",0
11-20-2015,"42,205","8,194",0
11-21-2015,"30,792","6,567",0
11-22-2015,"23,724","4,873",0
11-23-2015,"29,440","6,090",0
11-24-2015,"27,501","8,645",0
11-25-2015,"31,429","8,429",0
11-26-2015,"30,865","6,952",0
11-27-2015,"28,529","5,649",0
11-28-2015,"26,320","5,013",0
11-29-2015,"26,015","4,701",0
11-30-2015,"32,208","5,493",0
12-01-2015,"31,543","5,545",0
12-02-2015,"30,134","5,451",0
12-03-2015,"29,895","6,030",0
12-04-2015,"28,398","7,744",0
12-05-2015,"27,707","7,454",0
12-06-2015,"29,908","7,227",0
12-07-2015,"34,580","7,535",0
12-08-2015,"36,442","7,298",0
12-09-2015,"77,018","8,624",0
12-10-2015,"44,925","8,571",0
12-11-2015,"38,915","9,287",0
12-12-2015,"31,003","8,749",0
12-13-2015,"28,776","9,902",0
12-14-2015,"38,376","10,170",0
12-15-2015,"40,318","8,796",0
12-16-2015,"37,049","8,713",0
12-17-2015,"32,135","8,353",0
12-18-2015,"31,883","8,677",0
12-19-2015,"27,272","8,134",0
12-20-2015,"26,593","8,295",0
12-21-2015,"31,423","9,022",0
12-22-2015,"31,462","8,997",0
12-23-2015,"29,917","8,020",0
12-24-2015,"27,143","7,452",0
12-25-2015,"24,247","7,462",0
12-26-2015,"25,044","8,318",0
12-27-2015,"28,827","7,992",0
12-28-2015,"33,651","8,174",0
12-29-2015,"30,107","8,320",0
12-30-2015,"37,645","8,632",0
12-31-2015,"32,972","8,723",0
01-01-2016,"27,024","6,891",0
01-02-2016,"27,528","7,880",0
01-03-2016,"26,921","8,270",0
01-04-2016,"31,420","8,085",0
01-05-2016,"34,770","8,563",0
01-06-2016,"32,068","8,089",0
01-07-2016,"34,203","8,927",0
01-08-2016,"33,726","8,532",0
01-09-2016,"28,027","7,787",0
01-10-2016,"29,443","7,217",0
01-11-2016,"32,492","8,508",0
01-12-2016,"33,582","8,340",0
1-13-2016,"35,716","8,302",0
1-14-2016,"37,140","8,262",0
1-15-2016,"51,378","9,281",0
1-16-2016,"40,457","9,123",0
1-17-2016,"33,771","7,269",0
1-18-2016,"40,878","7,965",0
1-19-2016,"38,260","7,489",0
1-20-2016,"44,135","8,669",0
1-21-2016,"42,025","8,929",0
1-22-2016,"40,008","9,120",0
1-23-2016,"33,364","7,712",0
1-24-2016,"30,408","7,381",0
1-25-2016,"36,388","7,370",0
1-26-2016,"40,480","7,674",0
1-27-2016,"36,695","8,452",0
1-28-2016,"34,329","7,459",0
1-29-2016,"32,294","7,156",0
1-30-2016,"29,792","7,162",0
1-31-2016,"30,650","7,323",0
02-01-2016,"36,869","7,822",0
02-02-2016,"36,103","7,689",0
02-03-2016,"36,830","7,434",0
02-04-2016,"34,060","7,163",0
02-05-2016,"35,399","8,710",0
02-06-2016,"31,338","10,215",0
02-07-2016,"32,157","9,056",0
02-08-2016,"36,582","9,107",0
02-09-2016,"35,189","8,755",0
02-10-2016,"36,539","10,079",0
02-11-2016,"46,155","10,901",0
02-12-2016,"37,703","9,286",0
2-13-2016,"34,422","8,758",0
2-14-2016,"36,925","8,691",0
2-15-2016,"37,637","9,389",0
2-16-2016,"43,459","9,584",0
2-17-2016,"39,941","8,875",0
2-18-2016,"42,228","8,800",0
2-19-2016,"36,421","10,970",0
2-20-2016,"33,543","9,889",0
2-21-2016,"35,030","9,124",0
2-22-2016,"39,652","10,588",0
2-23-2016,"38,318","9,402",0
2-24-2016,"41,511","10,131",0
2-25-2016,"44,904","9,756",0
2-26-2016,"43,754","10,438",0
2-27-2016,"35,189","9,833",0
2-28-2016,"39,864","9,100",0
2-29-2016,"40,561","9,205",0
03-01-2016,"37,034","8,753",0
03-02-2016,"38,638","10,150",0
03-03-2016,"43,445","10,779",0
03-04-2016,"42,388","14,688",0
03-05-2016,"39,462","10,402",0
03-06-2016,"37,699","10,308",0
03-07-2016,"43,139","10,572",0
03-08-2016,"39,971","9,370",0
03-09-2016,"40,872","9,716",0
03-10-2016,"49,095","9,591",0
03-11-2016,"46,091","9,604",0
03-12-2016,"39,947","9,981",0
3-13-2016,"36,794","9,354",0
3-14-2016,"47,892","11,658",0
3-15-2016,"43,156","10,500",0
3-16-2016,"44,937","9,430",0
3-17-2016,"41,604","8,929",0
3-18-2016,"36,870","8,990",0
3-19-2016,"34,303","8,561",0
3-20-2016,"29,765","8,623",0
3-21-2016,"36,443","9,674",0
3-22-2016,"35,736","9,405",0
3-23-2016,"35,665","8,628",0
3-24-2016,"32,342","9,045",0
3-25-2016,"30,605","8,724",0
3-26-2016,"27,713","8,365",0
3-27-2016,"27,856","9,130",0
3-28-2016,"35,486","7,630",0
3-29-2016,"35,452","7,836",0
3-30-2016,"36,394","8,036",0
3-31-2016,"35,199","7,749",0
04-01-2016,"36,246","8,145",0
04-02-2016,"31,240","7,688",0
04-03-2016,"29,468","7,092",0
04-04-2016,"34,403","7,690",0
04-05-2016,"34,542","7,620",0
04-06-2016,"35,271","8,203",0
04-07-2016,"32,945","8,037",0
04-08-2016,"33,426","8,506",0
04-09-2016,"27,931","7,382",0
04-10-2016,"27,673","7,677",0
04-11-2016,"35,110","8,944",0
04-12-2016,"34,186","9,501",0
4-13-2016,"33,780","9,036",0
4-14-2016,"34,850","8,691",0
4-15-2016,"35,462","8,713",0
4-16-2016,"28,536","8,123",0
4-17-2016,"25,858","8,245",0
4-18-2016,"31,351","8,185",0
4-19-2016,"32,759","9,138",0
4-20-2016,"31,981","9,163",0
4-21-2016,"34,033","9,223",0
4-22-2016,"35,888","9,236",0
4-23-2016,"31,572","8,377",0
4-24-2016,"32,509","8,481",0
4-25-2016,"40,071","9,526",0
4-26-2016,"38,342","10,069",0
4-27-2016,"38,497","8,962",0
4-28-2016,"38,331","9,235",0
4-29-2016,"33,394","9,437",0
4-30-2016,"27,821","9,254",0
05-01-2016,"28,137","9,300",0
05-02-2016,"1,18,338","10,682",0
05-03-2016,"57,148","9,229",0
05-04-2016,"41,479","8,613",0
05-05-2016,"50,522","7,369",0
05-06-2016,"39,408","7,424",0
05-07-2016,"29,445","6,949",0
05-08-2016,"30,110","9,624",0
05-09-2016,"36,338","9,246",0
05-10-2016,"34,383","8,105",0
05-11-2016,"33,660","8,724",0
05-12-2016,"32,587","9,213",0
5-13-2016,"32,819","9,289",0
5-14-2016,"29,853","8,997",0
5-15-2016,"28,155","8,189",0
5-16-2016,"35,379","8,931",0
5-17-2016,"40,950","9,045",0
5-18-2016,"36,813","8,959",0
5-19-2016,"30,925","9,111",0
5-20-2016,"32,993","8,712",0
5-21-2016,"28,002","7,504",0
5-22-2016,"30,877","8,170",0
5-23-2016,"34,455","8,236",0
5-24-2016,"38,165","9,044",0
5-25-2016,"38,755","9,611",0
5-26-2016,"35,497","9,288",0
5-27-2016,"34,366","10,393",0
5-28-2016,"28,982","9,393",0
5-29-2016,"29,583","10,055",0
5-30-2016,"37,727","10,711",0
5-31-2016,"36,744","10,699",0
06-01-2016,"33,742","9,786",0
06-02-2016,"36,723","9,565",0
06-03-2016,"35,258","9,309",0
06-04-2016,"30,418","8,354",0
06-05-2016,"30,834","8,060",0
06-06-2016,"34,459","8,692",0
06-07-2016,"42,501","8,978",0
06-08-2016,"39,369","8,590",0
06-09-2016,"40,935","8,611",0
06-10-2016,"40,202","8,621",0
06-11-2016,"36,069","8,453",0
06-12-2016,"41,322","9,498",0
6-13-2016,"47,818","9,913",0
6-14-2016,"44,530","9,257",0
6-15-2016,"43,568","8,725",0
6-16-2016,"47,961","9,739",0
6-17-2016,"41,577","9,887",0
6-18-2016,"37,551","8,265",0
6-19-2016,"41,562","9,204",0
6-20-2016,"51,600","8,620",0
6-21-2016,"40,067","9,721",0
6-22-2016,"40,185","9,294",0
6-23-2016,"39,536","9,307",0
6-24-2016,"49,356","9,639",0
6-25-2016,"34,248","8,435",0
6-26-2016,"36,999","8,604",0
6-27-2016,"35,597","8,707",0
6-28-2016,"35,295","8,832",0
6-29-2016,"35,132","8,963",0
6-30-2016,"35,069","9,305",0
07-01-2016,"32,241","9,473",0
07-02-2016,"29,096","8,430",0
07-03-2016,"36,565","8,175",0
07-04-2016,"33,110","10,070",0
07-05-2016,"46,615","9,205",0
07-06-2016,"43,014","8,293",0
07-07-2016,"44,034","8,281",0
07-08-2016,"39,456","7,368",0
07-09-2016,"35,881","7,225",0
07-10-2016,"27,377","6,335",0
07-11-2016,"36,916","6,519",0
07-12-2016,"29,761","6,676",0
7-13-2016,"30,295","6,912",0
7-14-2016,"29,614","6,514",0
7-15-2016,"29,641","6,605",0
7-16-2016,"24,089","5,851",0
7-17-2016,"23,769","6,083",0
7-18-2016,"28,875","6,311",0
7-19-2016,"33,897","6,524",0
7-20-2016,"28,847","6,565",0
7-21-2016,"27,845","6,331",0
7-22-2016,"26,525","6,602",0
7-23-2016,"22,698","5,994",0
7-24-2016,"23,434","6,248",0
7-25-2016,"31,121","6,570",0
7-26-2016,"35,212","6,573",0
7-27-2016,"33,192","6,372",0
7-28-2016,"37,446","6,548",0
7-29-2016,"29,945","5,926",0
7-30-2016,"22,868","5,629",0
7-31-2016,"23,568","5,764",0
08-01-2016,"29,138","6,768",0
08-02-2016,"35,900","8,216",0
08-03-2016,"63,071","8,363",0
08-04-2016,"38,080","6,996",0
08-05-2016,"36,028","6,697",0
08-06-2016,"27,503","5,720",0
08-07-2016,"28,681","5,683",0
08-08-2016,"36,497","6,347",0
08-09-2016,"33,808","7,256",0
08-10-2016,"36,635","9,321",0
08-11-2016,"32,318","6,673",0
08-12-2016,"42,265","6,348",0
8-13-2016,"36,029","5,520",0
8-14-2016,"43,794","5,943",0
8-15-2016,"46,120","8,751",0
8-16-2016,"40,159","9,828",0
8-17-2016,"34,758","7,262",0
8-18-2016,"35,117","5,979",0
8-19-2016,"36,053","5,598",0
8-20-2016,"29,065","5,156",0
8-21-2016,"28,906","5,317",0
8-22-2016,"49,984","6,023",0
8-23-2016,"38,592","5,095",0
8-24-2016,"34,372","7,566",0
8-25-2016,"33,875","8,374",0
8-26-2016,"36,060","6,614",0
8-27-2016,"39,809","5,207",0
8-28-2016,"32,374","5,330",0
8-29-2016,"40,908","5,495",0
8-30-2016,"32,171","5,303",0
8-31-2016,"33,015","5,295",0
09-01-2016,"33,481","5,313",0
09-02-2016,"35,902","5,801",0
09-03-2016,"27,746","5,570",0
09-04-2016,"28,939","5,943",0
09-05-2016,"33,915","6,111",0
09-06-2016,"36,705","5,507",0
09-07-2016,"36,433","6,218",0
09-08-2016,"38,007","5,719",0
09-09-2016,"40,183","5,479",0
09-10-2016,"32,450","5,195",0
09-11-2016,"28,712","7,411",0
09-12-2016,"33,505","6,192",0
9-13-2016,"36,742","5,772",0
9-14-2016,"35,963","5,653",0
9-15-2016,"39,232","5,521",0
9-16-2016,"33,096","5,425",0
9-17-2016,"29,474","4,859",0
9-18-2016,"29,549","4,926",0
9-19-2016,"31,741","7,572",0
9-20-2016,"37,260","9,047",0
9-21-2016,"32,837","8,846",0
9-22-2016,"35,334","6,626",0
9-23-2016,"30,509","7,116",0
9-24-2016,"25,974","6,479",0
9-25-2016,"29,480","7,649",0
9-26-2016,"35,848","10,387",0
9-27-2016,"32,888","11,155",0
9-28-2016,"33,216","12,140",0
9-29-2016,"34,408","13,999",0
9-30-2016,"29,039","12,046",0
10-01-2016,"27,564","9,002",0
10-02-2016,"26,914","7,551",0
10-03-2016,"31,900","7,712",0
10-04-2016,"31,733","7,328",0
10-05-2016,"31,372","6,720",0
10-06-2016,"30,551","6,617",0
10-07-2016,"31,559","9,487",0
10-08-2016,"30,724","10,384",0
10-09-2016,"29,102","10,421",0
10-10-2016,"32,164","10,220",0
10-11-2016,"36,366","8,552",0
10-12-2016,"37,766","7,996",0
10-13-2016,"33,315","7,709",0
10-14-2016,"31,457","7,245",0
10-15-2016,"30,006","9,803",0
10-16-2016,"24,981","8,447",0
10-17-2016,"26,538","7,345",0
10-18-2016,"26,959","7,392",0
10-19-2016,"27,174","7,856",0
10-20-2016,"27,118","6,624",0
10-21-2016,"22,301","5,560",0
10-22-2016,"21,254","6,121",0
10-23-2016,"22,530","6,544",0
10-24-2016,"26,372","7,383",0
10-25-2016,"23,770","7,886",0
10-26-2016,"25,150","7,647",0
10-27-2016,"27,241","7,420",0
10-28-2016,"30,349","7,876",0
10-29-2016,"27,104","7,208",0
10-30-2016,"24,943","6,073",0
10-31-2016,"31,881","6,629",0
11-01-2016,"30,004","8,761",0
11-02-2016,"29,277","6,769",0
11-03-2016,"26,750","8,527",0
11-04-2016,"24,717","5,359",0
11-05-2016,"21,225","4,441",0
11-06-2016,"24,409","6,051",0
11-07-2016,"27,516","6,241",0
11-08-2016,"26,610","5,362",0
11-09-2016,"32,496","5,609",0
11-10-2016,"25,878","5,202",0
11-11-2016,"26,061","5,003",0
11-12-2016,"22,337","4,606",0
11-13-2016,"24,861","5,230",0
11-14-2016,"32,469","5,919",0
11-15-2016,"30,266","6,159",0
11-16-2016,"31,857","6,606",0
11-17-2016,"30,484","6,546",0
11-18-2016,"33,178","5,984",0
11-19-2016,"27,651","6,020",0
11-20-2016,"25,016","5,253",0
11-21-2016,"31,689","6,156",0
11-22-2016,"33,118","6,475",0
11-23-2016,"32,723","5,585",0
11-24-2016,"27,364","5,379",0
11-25-2016,"26,045","5,011",0
11-26-2016,"25,081","4,713",0
11-27-2016,"24,617","5,631",0
11-28-2016,"29,405","6,282",0
11-29-2016,"30,425","6,363",0
11-30-2016,"30,967","6,941",0
12-01-2016,"33,315","6,443",0
12-02-2016,"31,300","6,448",0
12-03-2016,"24,249","8,017",0
12-04-2016,"24,177","6,886",0
12-05-2016,"28,715","5,634",0
12-06-2016,"28,672","8,536",0
12-07-2016,"30,415","9,660",0
12-08-2016,"29,855","7,273",0
12-09-2016,"27,078","8,336",0
12-10-2016,"24,147","7,735",0
12-11-2016,"23,035","8,087",0
12-12-2016,"26,921","6,961",0
12-13-2016,"32,390","7,711",0
12-14-2016,"31,743","6,646",0
12-15-2016,"30,242","5,796",0
12-16-2016,"29,955","5,621",0
12-17-2016,"25,212","5,300",0
12-18-2016,"24,374","5,092",0
12-19-2016,"32,100","6,177",0
12-20-2016,"30,555","6,174",0
12-21-2016,"37,105","7,426",0
12-22-2016,"39,611","8,599",0
12-23-2016,"42,110","8,377",0
12-24-2016,"32,110","7,422",0
12-25-2016,"26,588","6,121",0
12-26-2016,"30,860","6,201",0
12-27-2016,"35,177","7,834",0
12-28-2016,"39,663","8,106",0
12-29-2016,"35,899","7,109",0
12-30-2016,"30,353","6,222",0
12-31-2016,"27,629","6,010",0
01-01-2017,"32,739","6,644",0
01-02-2017,"45,192","7,088",0
01-03-2017,"45,506","7,724",0
01-04-2017,"53,053","10,868",0
01-05-2017,"57,695","10,753",0
01-06-2017,"46,863","7,832",0
01-07-2017,"36,788","7,472",0
01-08-2017,"31,058","6,328",0
01-09-2017,"38,812","6,788",0
01-10-2017,"36,032","9,397",0
01-11-2017,"47,822","9,713",0
01-12-2017,"43,666","6,526",0
1-13-2017,"36,932","6,309",0
1-14-2017,"38,427","8,720",0
1-15-2017,"36,614","10,710",0
1-16-2017,"42,818","8,595",0
1-17-2017,"45,226","8,288",0
1-18-2017,"47,246","10,293",0
1-19-2017,"48,051","8,456",0
1-20-2017,"41,088","8,496",0
1-21-2017,"37,469","8,547",0
1-22-2017,"39,330","7,340",0
1-23-2017,"46,123","7,461",0
1-24-2017,"42,230","10,168",0
1-25-2017,"41,742","8,252",0
1-26-2017,"43,213","7,122",0
1-27-2017,"44,782","7,519",0
1-28-2017,"35,855","6,638",0
1-29-2017,"35,572","6,420",0
1-30-2017,"41,235","6,971",0
1-31-2017,"43,061","7,401",0
02-01-2017,"40,005","6,891",0
02-02-2017,"42,743","7,480",0
02-03-2017,"44,197","8,396",0
02-04-2017,"44,216","7,250",0
02-05-2017,"41,271","6,992",0
02-06-2017,"47,937","7,564",0
02-07-2017,"53,851","8,506",0
02-08-2017,"52,319","8,074",0
02-09-2017,"53,710","9,328",0
02-10-2017,"47,727","7,940",0
02-11-2017,"46,683","7,344",0
02-12-2017,"47,787","6,669",0
2-13-2017,"48,919","7,579",0
2-14-2017,"47,944","7,815",0
2-15-2017,"44,758","7,122",0
2-16-2017,"49,832","7,735",0
2-17-2017,"44,656","7,507",0
2-18-2017,"41,200","7,175",0
2-19-2017,"40,314","6,988",0
2-20-2017,"47,462","10,631",0
2-21-2017,"48,053","10,357",0
2-22-2017,"47,633","8,769",0
2-23-2017,"53,570","9,070",0
2-24-2017,"64,408","8,764",0
2-25-2017,"43,633","7,025",0
2-26-2017,"48,335","7,281",0
2-27-2017,"44,207","8,029",0
2-28-2017,"45,791","10,434",0
03-01-2017,"47,752","13,692",0
03-02-2017,"58,174","13,126",0
03-03-2017,"73,751","10,357",0
03-04-2017,"46,866","8,179",0
03-05-2017,"43,226","7,534",0
03-06-2017,"56,780","9,031",0
03-07-2017,"54,521","9,391",0
03-08-2017,"52,614","8,488",0
03-09-2017,"52,551","8,423",0
03-10-2017,"80,163","10,635",0
03-11-2017,"58,219","8,547",0
03-12-2017,"48,119","8,391",0
3-13-2017,"53,253","10,027",0
3-14-2017,"55,040","9,955",0
3-15-2017,"39,245","9,593",0
3-16-2017,"40,752","9,597",0
3-17-2017,"41,981","11,100",0
3-18-2017,"37,383","9,943",0
3-19-2017,"36,649","9,457",0
3-20-2017,"45,814","10,226",0
3-21-2017,"48,953","10,292",0
3-22-2017,"44,038","9,963",0
3-23-2017,"42,236","10,817",0
3-24-2017,"42,646","11,455",0
3-25-2017,"37,322","12,191",0
3-26-2017,"33,004","11,856",0
3-27-2017,"36,981","12,268",0
3-28-2017,"38,381","11,470",0
3-29-2017,"36,288","12,218",0
3-30-2017,"35,106","18,301",0
3-31-2017,"32,880","11,593",0
04-01-2017,"29,597","9,973",0
04-02-2017,"29,377","8,901",0
04-03-2017,"35,706","9,881",0
04-04-2017,"37,139","9,245",0
04-05-2017,"38,713","12,228",0
04-06-2017,"39,114","11,079",0
04-07-2017,"37,298","10,048",0
04-08-2017,"30,868","8,673",0
04-09-2017,"32,576","9,042",0
04-10-2017,"36,743","11,075",0
04-11-2017,"41,742","9,994",0
04-12-2017,"37,119","9,975",0
4-13-2017,"37,960","10,049",0
4-14-2017,"43,900","9,893",0
4-15-2017,"37,046","8,399",0
4-16-2017,"41,053","8,686",0
4-17-2017,"45,873","10,137",0
4-18-2017,"45,725","9,319",0
4-19-2017,"44,035","19,665",0
4-20-2017,"51,926","9,555",0
4-21-2017,"47,955","8,437",0
4-22-2017,"42,440","7,668",0
4-23-2017,"39,947","7,701",0
4-24-2017,"48,754","8,514",0
4-25-2017,"51,202","8,438",0
4-26-2017,"51,458","7,527",0
4-27-2017,"52,295","8,168",0
4-28-2017,"48,551","8,527",0
4-29-2017,"43,548","16,990",0
4-30-2017,"42,632","8,619",0
05-01-2017,"63,844","11,403",0
05-02-2017,"67,350","9,246",0
05-03-2017,"54,997","9,816",0
05-04-2017,"61,440","11,133",0
05-05-2017,"52,635","10,127",0
05-06-2017,"48,323","7,846",0
05-07-2017,"44,482","7,775",0
05-08-2017,"53,081","9,086",0
05-09-2017,"77,319","11,341",0
05-10-2017,"69,188","10,210",0
05-11-2017,"66,196","10,945",0
05-12-2017,"81,518","10,142",0
5-13-2017,"63,664","8,548",0
5-14-2017,"64,020","9,128",0
5-15-2017,"67,634","9,946",0
5-16-2017,"72,785","10,043",0
5-17-2017,"67,710","10,226",0
5-18-2017,"67,002","9,162",0
5-19-2017,"70,037","9,329",0
5-20-2017,"64,636","9,910",0
5-21-2017,"65,550","9,449",0
5-22-2017,"98,595","12,051",0
5-23-2017,"99,735","11,206",0
5-24-2017,"93,707","12,022",0
5-25-2017,"1,08,844","14,619",0
5-26-2017,"1,02,184","13,152",0
5-27-2017,"70,202","12,219",0
5-28-2017,"61,038","10,798",0
5-29-2017,"72,690","10,218",0
5-30-2017,"72,577","10,950",0
5-31-2017,"77,536","12,598",0
06-01-2017,"72,386","11,823","12,220"
06-02-2017,"69,170","9,847","11,324"
06-03-2017,"56,918","9,296","11,628"
06-04-2017,"60,989","10,039","13,845"
06-05-2017,"71,860","10,848","15,588"
06-06-2017,"96,769","14,161","17,699"
06-07-2017,"80,625","12,966","15,343"
06-08-2017,"69,778","13,226","15,834"
06-09-2017,"71,608","11,289","14,781"
06-10-2017,"62,982","10,462","13,559"
06-11-2017,"66,430","11,523","13,543"
06-12-2017,"83,603","15,709","15,914"
6-13-2017,"79,679","12,730","16,784"
6-14-2017,"76,811","12,515","15,426"
6-15-2017,"87,907","14,571","16,208"
6-16-2017,"78,832","12,223","16,628"
6-17-2017,"65,293","10,552","13,752"
6-18-2017,"60,980","9,591","15,260"
6-19-2017,"71,537","10,760","15,789"
6-20-2017,"75,554","11,625","17,286"
6-21-2017,"74,898","11,995","17,501"
6-22-2017,"70,868","10,553","17,084"
6-23-2017,"77,355","13,656","20,912"
6-24-2017,"60,457","9,504","16,081"
6-25-2017,"60,903","10,621","16,792"
6-26-2017,"77,793","14,300","20,714"
6-27-2017,"83,728","14,841","21,947"
6-28-2017,"82,697","14,902","20,343"
6-29-2017,"88,049","15,082","19,082"
6-30-2017,"83,246","16,079","18,719"
07-01-2017,"70,272","14,992","16,540"
07-02-2017,"61,290","11,557","12,637"
07-03-2017,"84,921","21,248","22,758"
07-04-2017,"73,874","13,199","17,375"
07-05-2017,"80,088","14,261","21,550"
07-06-2017,"77,234","14,927","19,094"
07-07-2017,"75,990","14,697","20,783"
07-08-2017,"66,282","12,769","16,251"
07-09-2017,"64,846","10,630","15,903"
07-10-2017,"79,186","16,049","18,247"
07-11-2017,"79,124","13,997","19,195"
07-12-2017,"85,244","13,615","18,413"
7-13-2017,"80,929","12,914","19,801"
7-14-2017,"78,517","13,344","17,452"
7-15-2017,"71,292","13,548","16,124"
7-16-2017,"69,001","13,461","16,243"
7-17-2017,"87,831","15,456","17,292"
7-18-2017,"58,000","13,427","18,275"
7-19-2017,"59,226","13,684","17,391"
7-20-2017,"62,350","16,462","17,102"
7-21-2017,"60,423","14,285","17,677"
7-22-2017,"48,669","12,114","16,078"
7-23-2017,"50,154","14,873","19,326"
7-24-2017,"59,021","14,844","21,009"
7-25-2017,"67,101","16,817","18,781"
7-26-2017,"66,594","18,326","20,278"
7-27-2017,"70,135","19,374","19,688"
7-28-2017,"62,890","17,021","17,755"
7-29-2017,"52,524","14,625","17,936"
7-30-2017,"51,722","14,383","15,780"
7-31-2017,"67,559","19,130","22,073"
08-01-2017,"96,090","24,918","24,256"
08-02-2017,"82,917","19,716","26,348"
08-03-2017,"74,529","16,526","23,545"
08-04-2017,"67,052","15,377","27,171"
08-05-2017,"73,777","21,776","24,557"
08-06-2017,"52,654","15,597","20,842"
08-07-2017,"74,464","18,220","25,439"
08-08-2017,"83,937","18,602","27,624"
08-09-2017,"70,212","16,796","29,697"
08-10-2017,"64,431","15,327","24,505"
08-11-2017,"68,756","17,615","32,417"
08-12-2017,"60,035","19,084","23,355"
8-13-2017,"73,481","23,741","22,951"
8-14-2017,"89,214","24,428","31,496"
8-15-2017,"90,272","24,521","36,225"
8-16-2017,"79,990","20,619","32,434"
8-17-2017,"1,28,382","20,826","34,433"
8-18-2017,"1,37,312","22,040","28,728"
8-19-2017,"1,02,848","19,793","26,818"
8-20-2017,"99,808","19,827","32,124"
8-21-2017,"97,262","19,610","33,811"
8-22-2017,"1,12,289","25,741","38,540"
8-23-2017,"1,05,047","22,267","35,890"
8-24-2017,"1,18,021","22,142","32,799"
8-25-2017,"1,03,594","22,879","34,646"
8-26-2017,"93,107","21,399","35,705"
8-27-2017,"83,506","21,222","33,681"
8-28-2017,"98,752","24,078","37,006"
8-29-2017,"1,17,883","27,702","40,672"
8-30-2017,"1,08,133","26,164","36,041"
8-31-2017,"1,24,586","33,390","40,989"
09-01-2017,"1,25,437","29,023","36,049"
09-02-2017,"1,01,371","26,405","31,328"
09-03-2017,"1,03,688","24,123","39,157"
09-04-2017,"1,40,996","30,106","37,736"
09-05-2017,"1,27,666","30,511","42,479"
09-06-2017,"1,19,644","28,886","37,841"
09-07-2017,"1,09,374","26,018","37,223"
09-08-2017,"1,25,076","31,290","40,952"
09-09-2017,"1,09,143","25,929","36,445"
09-10-2017,"1,01,995","25,069","31,879"
09-11-2017,"1,22,231","27,078","38,002"
09-12-2017,"1,45,706","28,111","35,893"
9-13-2017,"1,69,483","34,438","41,054"
9-14-2017,"1,77,166","40,415","40,474"
9-15-2017,"1,75,605","40,276","44,929"
9-16-2017,"1,31,369","29,252","35,524"
9-17-2017,"1,14,460","23,520","36,146"
9-18-2017,"1,04,643","27,773","42,811"
9-19-2017,"1,03,094","26,295","46,076"
9-20-2017,"91,006","26,294","36,485"
9-21-2017,"87,181","26,884","36,313"
9-22-2017,"87,198","27,217","37,914"
9-23-2017,"75,545","19,045","34,369"
9-24-2017,"68,845","17,576","32,022"
9-25-2017,"79,227","21,823","36,874"
9-26-2017,"79,621","21,186","41,054"
9-27-2017,"88,026","22,954","36,379"
9-28-2017,"81,499","22,507","35,342"
9-29-2017,"87,845","20,801","46,384"
9-30-2017,"74,327","22,158","32,095"
10-01-2017,"71,600","20,817","33,440"
10-02-2017,"90,299","22,086","42,051"
10-03-2017,"87,896","21,635","39,825"
10-04-2017,"85,531","22,590","41,449"
10-05-2017,"78,004","21,870","41,506"
10-06-2017,"90,643","21,821","40,826"
10-07-2017,"83,225","21,136","42,519"
10-08-2017,"75,752","20,443","42,565"
10-09-2017,"89,734","25,353","37,651"
10-10-2017,"96,936","25,077","46,800"
10-11-2017,"89,877","22,305","42,258"
10-12-2017,"1,36,102","32,993","46,109"
10-13-2017,"1,31,912","33,337","45,682"
10-14-2017,"97,790","22,362","39,486"
10-15-2017,"95,345","23,000","55,977"
10-16-2017,"1,05,224","24,190","47,874"
10-17-2017,"1,09,349","24,476","47,397"
10-18-2017,"1,38,255","23,702","44,084"
10-19-2017,"1,32,694","22,939","45,241"
10-20-2017,"1,48,240","28,473","44,791"
10-21-2017,"1,29,993","24,940","38,004"
10-22-2017,"1,25,277","21,894","34,189"
10-23-2017,"1,53,085","26,981","42,468"
10-24-2017,"1,57,490","28,994","46,489"
10-25-2017,"1,40,778","25,061","42,017"
10-26-2017,"1,42,624","26,795","41,115"
10-27-2017,"1,32,402","23,979","48,392"
10-28-2017,"1,13,883","19,292","43,163"
10-29-2017,"1,13,843","22,902","34,858"
10-30-2017,"1,45,751","24,210","44,434"
10-31-2017,"1,56,586","27,269","46,628"
11-01-2017,"1,62,235","29,422","48,287"
11-02-2017,"1,83,375","36,469","46,273"
11-03-2017,"1,54,874","27,342","42,232"
11-04-2017,"1,32,695","23,248","35,084"
11-05-2017,"1,32,305","25,414","38,143"
11-06-2017,"1,41,127","27,108","40,924"
11-07-2017,"1,35,322","24,718","41,266"
11-08-2017,"1,83,012","31,239","55,886"
11-09-2017,"1,66,999","27,597","50,718"
11-10-2017,"1,76,370","31,029","49,920"
11-11-2017,"1,44,214","29,886","45,916"
11-12-2017,"1,68,993","41,442","45,447"
11-13-2017,"1,75,184","33,314","49,892"
11-14-2017,"1,62,729","28,952","53,015"
11-15-2017,"1,77,528","31,964","65,765"
11-16-2017,"1,89,210","34,357","70,949"
11-17-2017,"1,96,630","33,244","71,854"
11-18-2017,"1,47,694","26,474","63,027"
11-19-2017,"1,47,627","28,676","62,720"
11-20-2017,"2,00,689","31,880","87,422"
11-21-2017,"2,08,394","33,361","86,569"
11-22-2017,"2,03,541","33,605","81,185"
11-23-2017,"1,89,042","32,618","71,237"
11-24-2017,"2,00,990","32,757","69,137"
11-25-2017,"1,81,938","33,691","68,886"
11-26-2017,"2,17,458","46,790","63,883"
11-27-2017,"2,92,562","44,258","87,332"
11-28-2017,"3,15,042","46,835","75,384"
11-29-2017,"4,31,855","70,365","77,665"
11-30-2017,"3,54,771","47,724","73,412"
12-01-2017,"3,34,700","42,497","72,545"
12-02-2017,"2,60,253","37,687","66,141"
12-03-2017,"2,53,045","34,658","66,970"
12-04-2017,"3,11,222","38,262","92,565"
12-05-2017,"3,13,782","40,448","85,928"
12-06-2017,"3,76,943","56,651","89,834"
12-07-2017,"6,66,761","76,392","97,280"
12-08-2017,"6,85,647","62,563","84,031"
12-09-2017,"4,55,704","45,780","80,157"
12-10-2017,"3,90,296","49,011","78,850"
12-11-2017,"4,82,794","51,171","90,031"
12-12-2017,"4,40,160","52,424","95,635"
12-13-2017,"3,47,864","48,105","97,869"
12-14-2017,"3,41,987","47,000","1,07,545"
12-15-2017,"3,38,298","49,096","99,009"
12-16-2017,"3,01,056","42,512","74,677"
12-17-2017,"2,72,868","43,539","74,283"
12-18-2017,"3,17,093","47,255","93,377"
12-19-2017,"3,28,761","48,433","93,530"
12-20-2017,"3,94,221","62,561","99,055"
12-21-2017,"2,96,068","55,201","96,823"
12-22-2017,"4,75,274","85,040","1,08,032"
12-23-2017,"3,12,860","49,250","82,531"
12-24-2017,"2,36,907","48,487","80,455"
12-25-2017,"2,22,768","42,681","81,483"
12-26-2017,"2,53,046","48,579","94,244"
12-27-2017,"2,49,055","52,820","1,01,827"
12-28-2017,"2,64,518","54,232","1,07,455"
12-29-2017,"2,44,365","53,657","1,13,404"
12-30-2017,"2,14,030","57,829","1,03,460"
12-31-2017,"2,12,895","51,409","89,068"
01-01-2018,"1,97,812","44,496","85,170"
01-02-2018,"2,48,723","66,092","1,02,685"
01-03-2018,"2,51,851","65,325","1,04,881"
01-04-2018,"2,34,956","62,753","1,09,589"
01-05-2018,"2,23,052","68,036","1,14,951"
01-06-2018,"1,84,768","59,016","1,08,093"
01-07-2018,"1,97,693","63,857","1,05,160"
01-08-2018,"2,25,480","70,721","1,18,188"
01-09-2018,"2,44,191","66,477","1,26,716"
01-10-2018,"2,55,881","69,098","1,34,934"
01-11-2018,"2,80,223","74,385","1,56,567"
01-12-2018,"2,42,154","66,169","1,37,580"
1-13-2018,"1,98,650","59,262","1,13,487"
1-14-2018,"1,97,998","58,492","1,13,879"
1-15-2018,"2,27,023","59,892","1,33,407"
1-16-2018,"3,05,880","1,08,231","1,52,168"
1-17-2018,"3,71,290","1,01,019","1,68,722"
1-18-2018,"2,92,512","80,629","1,69,131"
1-19-2018,"2,75,491","64,241","1,55,312"
1-20-2018,"2,19,906","59,648","1,35,830"
1-21-2018,"2,09,810","54,636","1,42,438"
1-22-2018,"2,53,325","62,905","1,48,973"
1-23-2018,"2,62,299","63,653","1,49,824"
1-24-2018,"2,88,899","64,548","1,48,337"
1-25-2018,"3,07,113","61,604","1,49,281"
1-26-2018,"2,50,810","66,339","1,35,673"
1-27-2018,"2,15,041","59,071","1,26,215"
1-28-2018,"2,14,951","58,757","1,40,100"
1-29-2018,"2,47,838","61,551","1,84,481"
1-30-2018,"2,65,351","67,872","1,69,032"
1-31-2018,"2,84,033","64,925","1,73,598"
02-01-2018,"3,03,016","74,367","1,18,450"
02-02-2018,"3,55,113","81,367","1,16,178"
02-03-2018,"2,59,082","59,356","1,00,036"
02-04-2018,"2,26,746","56,793","97,212"
02-05-2018,"3,08,070","74,775","1,17,660"
02-06-2018,"3,47,841","86,511","1,33,257"
02-07-2018,"2,71,601","64,221","1,38,395"
02-08-2018,"2,65,562","57,729","1,26,411"
02-09-2018,"2,42,910","56,802","1,25,902"
02-10-2018,"2,15,733","50,451","1,01,041"
02-11-2018,"2,14,708","52,194","97,631"
02-12-2018,"2,16,469","57,272","1,16,751"
2-13-2018,"2,09,609","66,458","1,10,423"
2-14-2018,"2,11,295","63,749","1,15,584"
2-15-2018,"2,18,763","63,839","1,12,441"
2-16-2018,"2,20,006","59,189","1,09,001"
2-17-2018,"1,89,546","55,222","96,742"
2-18-2018,"1,81,148","53,173","88,013"
2-19-2018,"2,07,167","53,788","1,04,646"
2-20-2018,"2,21,333","50,055","1,19,409"
2-21-2018,"2,04,864","51,799","1,06,071"
2-22-2018,"1,92,837","53,005","1,02,001"
2-23-2018,"1,73,636","47,274","90,559"
2-24-2018,"1,61,760","41,275","81,917"
2-25-2018,"1,67,834","44,221","85,819"
2-26-2018,"1,94,387","46,020","1,02,568"
2-27-2018,"2,01,027","45,490","1,04,669"
2-28-2018,"2,02,518","47,874","1,13,277"
03-01-2018,"1,90,025","51,949","1,08,697"
03-02-2018,"2,09,227","49,474","1,26,121"
03-03-2018,"1,91,559","44,843","1,06,602"
03-04-2018,"1,85,748","39,423","1,18,181"
03-05-2018,"2,05,940","44,000","1,38,923"
03-06-2018,"2,13,087","50,717","1,24,325"
03-07-2018,"2,25,597","59,062","1,20,399"
03-08-2018,"2,14,578","53,650","1,14,958"
03-09-2018,"2,15,095","52,161","1,09,980"
03-10-2018,"1,71,043","38,738","86,217"
03-11-2018,"1,72,924","39,910","81,527"
03-12-2018,"2,16,656","45,279","1,08,183"
3-13-2018,"2,15,062","48,003","1,17,520"
3-14-2018,"1,78,921","51,201","1,33,923"
3-15-2018,"1,80,979","52,368","1,15,786"
3-16-2018,"1,69,098","48,915","1,09,266"
3-17-2018,"1,43,994","43,304","1,00,006"
3-18-2018,"1,50,405","50,959","1,00,222"
3-19-2018,"1,65,140","51,141","1,17,991"
3-20-2018,"1,52,295","50,038","1,21,433"
3-21-2018,"1,61,109","46,796","1,21,752"
3-22-2018,"1,48,826","52,853","1,14,269"
3-23-2018,"1,41,238","52,596","1,17,968"
3-24-2018,"1,17,705","48,323","92,639"
3-25-2018,"1,13,053","47,498","92,624"
3-26-2018,"1,38,107","57,389","1,22,769"
3-27-2018,"1,39,093","59,071","1,17,016"
3-28-2018,"1,40,788","64,197","1,16,600"
3-29-2018,"1,39,371","67,042","1,08,692"
3-30-2018,"1,35,825","61,792","92,462"
3-31-2018,"1,13,742","50,199","82,711"
04-01-2018,"1,19,172","56,761","84,494"
04-02-2018,"1,42,655","61,032","1,05,371"
04-03-2018,"1,41,195","63,113","1,02,390"
04-04-2018,"1,34,776","60,011","1,01,545"
04-05-2018,"1,34,548","56,579","98,010"
04-06-2018,"1,34,201","57,303","1,17,740"
04-07-2018,"1,18,676","53,242","1,02,219"
04-08-2018,"1,22,366","52,859","89,007"
04-09-2018,"1,50,937","58,597","1,26,833"
04-10-2018,"1,42,369","57,494","1,15,072"
04-11-2018,"1,29,297","59,172","1,06,732"
04-12-2018,"1,53,970","71,481","1,11,101"
4-13-2018,"1,41,251","62,749","1,01,907"
4-14-2018,"1,06,403","51,920","76,814"
4-15-2018,"1,10,308","54,782","74,075"
4-16-2018,"1,21,342","54,521","90,304"
4-17-2018,"1,25,172","57,829","1,06,720"
4-18-2018,"1,25,011","58,935","97,047"
4-19-2018,"1,24,038","57,032","91,681"
4-20-2018,"1,18,352","58,427","82,933"
4-21-2018,"1,14,573","52,086","74,575"
4-22-2018,"1,16,736","53,312","80,758"
4-23-2018,"1,54,962","59,162","1,26,561"
4-24-2018,"1,86,604","68,349","1,49,035"
4-25-2018,"1,69,683","59,367","1,45,228"
4-26-2018,"1,52,856","55,520","1,24,508"
4-27-2018,"1,33,849","52,594","1,03,992"
4-28-2018,"1,15,286","47,548","89,760"
4-29-2018,"1,11,179","46,030","86,015"
4-30-2018,"1,15,073","50,415","91,494"
05-01-2018,"1,13,333","51,734","90,789"
05-02-2018,"1,22,068","51,735","93,935"
05-03-2018,"1,28,330","58,605","88,019"
05-04-2018,"1,21,154","55,721","91,482"
05-05-2018,"1,19,488","53,392","79,539"
05-06-2018,"1,07,523","51,152","74,480"
05-07-2018,"1,28,502","57,535","80,751"
05-08-2018,"1,32,523","59,065","87,975"
05-09-2018,"1,14,220","57,352","81,242"
05-10-2018,"1,16,862","53,653","81,497"
05-11-2018,"1,16,801","57,538","84,223"
05-12-2018,"1,01,066","47,271","71,065"
5-13-2018,"1,34,416","44,584","66,544"
5-14-2018,"1,55,871","51,005","89,195"
5-15-2018,"1,59,284","50,869","94,045"
5-16-2018,"1,54,060","48,680","83,865"
5-17-2018,"1,70,757","48,759","84,503"
5-18-2018,"1,60,434","49,306","78,529"
5-19-2018,"1,29,180","48,496","70,033"
5-20-2018,"1,31,690","53,273","67,573"
5-21-2018,"1,45,704","50,974","82,502"
5-22-2018,"1,60,709","59,840","84,993"
5-23-2018,"1,61,568","61,365","84,440"
5-24-2018,"1,67,794","55,446","76,966"
5-25-2018,"1,43,833","49,534","77,493"
5-26-2018,"1,27,162","44,910","63,585"
5-27-2018,"1,26,329","46,123","61,413"
5-28-2018,"1,39,656","50,543","72,153"
5-29-2018,"1,42,695","56,126","74,349"
5-30-2018,"1,41,566","52,634","76,919"
5-31-2018,"1,34,898","51,878","81,289"
06-01-2018,"1,37,687","50,141","1,14,183"
06-02-2018,"1,25,395","50,254","95,651"
06-03-2018,"1,26,297","47,206","94,742"
06-04-2018,"1,39,987","50,112","1,10,065"
06-05-2018,"1,40,263","47,704","1,12,888"
06-06-2018,"1,40,837","49,271","1,14,472"
06-07-2018,"1,38,371","49,522","1,13,016"
06-08-2018,"1,36,803","47,772","1,11,934"
06-09-2018,"1,28,357","42,131","95,999"
06-10-2018,"1,30,089","49,471","86,676"
06-11-2018,"1,56,805","50,834","1,15,043"
06-12-2018,"1,49,215","51,174","1,51,255"
6-13-2018,"1,62,729","56,846","1,13,974"
6-14-2018,"1,48,364","50,848","1,02,693"
6-15-2018,"1,26,188","43,770","1,01,794"
6-16-2018,"1,17,264","40,552","79,889"
6-17-2018,"1,14,695","40,941","77,328"
6-18-2018,"1,41,762","50,193","95,426"
6-19-2018,"1,38,919","47,044","1,05,599"
6-20-2018,"1,36,966","49,812","1,21,108"
6-21-2018,"1,38,708","52,201","1,13,772"
6-22-2018,"1,44,675","55,014","1,07,939"
6-23-2018,"1,21,983","42,967","91,356"
6-24-2018,"1,17,121","48,231","83,895"
6-25-2018,"1,33,661","50,916","99,069"
6-26-2018,"1,33,433","45,430","1,09,194"
6-27-2018,"1,26,245","44,465","1,10,974"
6-28-2018,"1,32,921","46,019","1,07,054"
6-29-2018,"1,38,907","49,498","1,02,262"
6-30-2018,"1,23,083","44,366","87,093"
07-01-2018,"1,10,723","39,228","81,771"
07-02-2018,"1,33,350","46,677","98,116"
07-03-2018,"1,34,317","46,221","1,03,173"
07-04-2018,"1,32,816","44,754","1,03,560"
07-05-2018,"1,33,182","43,746","1,02,177"
07-06-2018,"1,31,577","42,221","1,02,179"
07-07-2018,"1,10,671","36,550","84,361"
07-08-2018,"1,03,715","41,012","81,830"
07-09-2018,"1,22,700","42,921","1,01,170"
07-10-2018,"1,27,705","43,310","99,516"
07-11-2018,"1,33,310","42,218","1,02,828"
07-12-2018,"1,33,262","47,389","1,05,437"
7-13-2018,"1,39,417","47,078","64,886"
7-14-2018,"1,14,371","36,846","51,962"
7-15-2018,"1,02,308","35,748","49,566"
7-16-2018,"1,34,623","48,664","64,319"
7-17-2018,"1,42,790","62,184","71,902"
7-18-2018,"1,59,411","67,542","71,987"
7-19-2018,"1,41,844","53,003","66,839"
7-20-2018,"1,31,260","51,323","63,912"
7-21-2018,"1,13,288","40,256","55,883"
7-22-2018,"1,11,941","40,978","56,071"
7-23-2018,"1,30,089","55,699","76,327"
7-24-2018,"1,58,784","68,310","72,727"
7-25-2018,"1,46,208","57,006","74,151"
7-26-2018,"1,48,433","55,874","76,494"
7-27-2018,"1,46,984","53,078","81,367"
7-28-2018,"1,18,511","47,861","66,526"
7-29-2018,"1,16,694","46,291","61,526"
7-30-2018,"1,36,915","52,758","71,905"
7-31-2018,"1,32,430","53,614","73,097"
08-01-2018,"1,35,751","51,409","70,944"
08-02-2018,"1,30,937","51,285","70,154"
08-03-2018,"1,37,913","54,306","70,861"
08-04-2018,"1,13,185","46,271","56,756"
08-05-2018,"1,01,335","43,283","54,850"
08-06-2018,"1,21,548","47,948","68,911"
08-07-2018,"1,19,915","54,053","68,627"
08-08-2018,"1,24,890","56,001","65,291"
08-09-2018,"1,19,663","50,919","62,834"
08-10-2018,"1,23,600","48,380","62,227"
08-11-2018,"1,11,771","45,189","53,966"
08-12-2018,"1,05,393","41,481","78,568"
8-13-2018,"1,27,266","47,997","96,617"
8-14-2018,"1,07,742","51,735","92,695"
8-15-2018,"99,118","46,256","95,233"
8-16-2018,"91,255","43,989","94,341"
8-17-2018,"1,02,566","46,455","94,599"
8-18-2018,"85,629","39,858","85,339"
8-19-2018,"80,479","42,710","77,759"
8-20-2018,"97,403","49,959","94,786"
8-21-2018,"97,889","47,708","88,785"
8-22-2018,"97,119","52,581","84,302"
8-23-2018,"1,02,135","51,579","92,668"
8-24-2018,"90,876","50,068","91,272"
8-25-2018,"79,619","46,078","79,553"
8-26-2018,"71,997","40,979","72,850"
8-27-2018,"90,736","47,776","88,278"
8-28-2018,"95,520","54,454","93,341"
8-29-2018,"94,923","51,079","96,593"
8-30-2018,"96,652","51,197","95,756"
8-31-2018,"90,828","46,991","89,786"
09-01-2018,"79,120","44,479","76,646"
09-02-2018,"78,307","45,329","71,398"
09-03-2018,"95,414","51,790","82,400"
09-04-2018,"97,027","52,679","82,970"
09-05-2018,"1,01,061","66,964","84,073"
09-06-2018,"1,05,727","55,358","85,680"
09-07-2018,"89,960","47,291","75,391"
09-08-2018,"74,570","42,845","69,519"
09-09-2018,"73,626","43,677","65,280"
09-10-2018,"88,357","46,008","82,151"
09-11-2018,"88,793","46,991","87,076"
09-12-2018,"87,074","47,242","78,330"
9-13-2018,"1,08,220","49,785","77,396"
9-14-2018,"98,913","45,131","72,233"
9-15-2018,"88,802","40,542","66,087"
9-16-2018,"88,699","40,587","60,365"
9-17-2018,"1,01,909","49,143","74,395"
9-18-2018,"97,357","47,437","73,321"
9-19-2018,"1,03,119","48,456","74,928"
9-20-2018,"1,04,142","48,402","78,622"
9-21-2018,"1,08,102","52,784","76,404"
9-22-2018,"87,392","42,116","60,379"
9-23-2018,"86,807","41,955","57,134"
9-24-2018,"98,460","47,442","70,674"
9-25-2018,"1,09,662","53,313","82,486"
9-26-2018,"1,05,425","49,946","83,759"
9-27-2018,"99,422","47,382","76,074"
9-28-2018,"98,232","45,818","70,668"
9-29-2018,"82,905","39,309","66,406"
9-30-2018,"80,900","40,233","58,708"
10-01-2018,"98,226","43,589","70,936"
10-02-2018,"95,066","43,230","75,109"
10-03-2018,"1,01,001","44,559","76,853"
10-04-2018,"1,00,136","45,413","73,432"
10-05-2018,"1,01,672","43,984","69,451"
10-06-2018,"89,831","39,323","60,809"
10-07-2018,"83,957","35,990","49,301"
10-08-2018,"1,07,277","45,434","60,315"
10-09-2018,"1,11,609","50,181","65,774"
10-10-2018,"1,10,141","50,466","65,851"
10-11-2018,"1,15,152","56,480","66,326"
10-12-2018,"97,954","46,598","60,880"
10-13-2018,"73,808","39,863","51,136"
10-14-2018,"75,619","42,826","49,244"
10-15-2018,"1,06,443","64,093","67,979"
10-16-2018,"94,942","51,415","66,489"
10-17-2018,"88,260","47,640","63,855"
10-18-2018,"86,783","44,977","66,795"
10-19-2018,"78,223","43,253","63,156"
10-20-2018,"69,768","39,218","55,118"
10-21-2018,"69,901","36,986","46,225"
10-22-2018,"86,929","41,673","54,812"
10-23-2018,"1,01,567","44,798","58,739"
10-24-2018,"85,444","45,771","58,161"
10-25-2018,"83,418","42,892","59,171"
10-26-2018,"83,496","43,063","57,820"
10-27-2018,"71,120","42,666","48,003"
10-28-2018,"66,967","39,864","45,255"
10-29-2018,"86,448","46,842","58,692"
10-30-2018,"89,462","45,283","61,135"
10-31-2018,"1,12,677","47,661","57,564"
11-01-2018,"98,240","41,927","53,435"
11-02-2018,"86,409","44,394","53,780"
11-03-2018,"68,689","38,053","46,455"
11-04-2018,"69,352","37,667","43,962"
11-05-2018,"84,955","42,620","53,404"
11-06-2018,"92,955","45,634","56,855"
11-07-2018,"86,709","45,395","55,881"
11-08-2018,"87,532","41,516","53,777"
11-09-2018,"85,465","39,636","52,605"
11-10-2018,"67,943","35,706","47,334"
11-11-2018,"66,077","36,460","42,802"
11-12-2018,"80,747","41,473","52,989"
11-13-2018,"85,093","40,763","57,198"
11-14-2018,"99,050","57,679","51,612"
11-15-2018,"1,03,547","59,507","50,371"
11-16-2018,"91,443","48,699","48,211"
11-17-2018,"73,660","41,491","41,912"
11-18-2018,"72,322","41,405","41,174"
11-19-2018,"1,09,699","62,189","51,195"
11-20-2018,"1,22,830","69,074","52,771"
11-21-2018,"1,09,591","54,773","50,604"
11-22-2018,"93,389","48,378","51,316"
11-23-2018,"92,271","46,518","57,671"
11-24-2018,"82,698","45,415","51,244"
11-25-2018,"1,02,339","55,221","44,185"
11-26-2018,"1,09,437","50,786","53,289"
11-27-2018,"1,05,701","50,476","54,622"
11-28-2018,"99,865","55,240","55,261"
11-29-2018,"90,523","46,337","53,119"
11-30-2018,"85,209","42,846","52,079"
12-01-2018,"73,939","38,688","40,096"
12-02-2018,"68,509","35,435","37,848"
12-03-2018,"84,852","42,649","44,588"
12-04-2018,"79,962","44,071","41,235"
12-05-2018,"77,784","45,775","41,010"
12-06-2018,"79,505","44,387","40,200"
12-07-2018,"88,872","48,763","43,536"
12-08-2018,"73,090","36,299","37,105"
12-09-2018,"67,923","35,698","34,631"
12-10-2018,"71,160","40,821","42,284"
12-11-2018,"74,216","39,549","41,536"
12-12-2018,"72,993","37,227","42,110"
12-13-2018,"79,485","43,501","42,705"
12-14-2018,"83,951","46,385","40,104"
12-15-2018,"65,103","45,329","34,159"
12-16-2018,"63,734","41,526","33,041"
12-17-2018,"90,215","60,601","40,632"
12-18-2018,"85,472","56,053","38,746"
12-19-2018,"86,060","56,969","41,200"
12-20-2018,"82,377","60,803","42,020"
12-21-2018,"75,674","50,988","43,809"
12-22-2018,"64,464","40,834","37,443"
12-23-2018,"64,667","39,439","37,597"
12-24-2018,"71,531","42,352","36,941"
12-25-2018,"62,084","36,291","30,202"
12-26-2018,"75,460","43,087","37,076"
12-27-2018,"77,249","39,800","41,353"
12-28-2018,"76,073","48,071","35,507"
12-29-2018,"74,140","46,038","34,285"
12-30-2018,"67,091","39,556","32,822"
12-31-2018,"74,168","44,948","32,127"
01-01-2019,"62,883","37,635","28,846"
01-02-2019,"79,671","44,694","36,829"
01-03-2019,"83,213","43,051","39,024"
01-04-2019,"65,702","37,844","36,966"
01-05-2019,"53,148","36,079","35,242"
01-06-2019,"52,004","38,174","31,310"
01-07-2019,"64,782","41,206","38,491"
01-08-2019,"63,218","45,657","39,055"
01-09-2019,"63,874","46,751","38,667"
01-10-2019,"65,005","52,594","36,022"
01-11-2019,"60,984","46,631","35,565"
01-12-2019,"50,037","38,445","29,793"
1-13-2019,"47,250","38,057","29,740"
1-14-2019,"57,828","45,193","34,533"
1-15-2019,"56,547","39,179","37,989"
1-16-2019,"68,371","45,298","41,865"
1-17-2019,"79,628","44,149","41,694"
1-18-2019,"57,903","39,616","40,193"
1-19-2019,"49,857","37,351","36,152"
1-20-2019,"50,768","37,217","34,956"
1-21-2019,"58,520","50,202","38,470"
1-22-2019,"57,650","47,692","40,967"
1-23-2019,"61,712","51,320","39,050"
1-24-2019,"59,395","52,218","40,575"
1-25-2019,"57,115","50,686","41,620"
1-26-2019,"47,971","41,180","38,008"
1-27-2019,"44,292","41,012","33,508"
1-28-2019,"56,135","55,396","44,360"
1-29-2019,"57,098","50,169","44,948"
1-30-2019,"57,503","43,882","33,496"
1-31-2019,"61,169","55,209","35,563"
02-01-2019,"57,243","50,525","33,175"
02-02-2019,"53,153","43,073","26,692"
02-03-2019,"51,334","44,271","24,818"
02-04-2019,"62,470","62,224","33,214"
02-05-2019,"65,140","48,722","42,647"
02-06-2019,"75,136","46,263","37,032"
02-07-2019,"70,306","55,504","31,861"
02-08-2019,"73,097","43,885","35,398"
02-09-2019,"60,339","37,055","29,628"
02-10-2019,"55,083","34,450","26,962"
02-11-2019,"60,740","49,476","31,864"
02-12-2019,"63,246","39,111","31,397"
2-13-2019,"66,626","56,275","30,551"
2-14-2019,"69,842","47,157","43,394"
2-15-2019,"63,552","45,828","36,679"
2-16-2019,"52,843","38,298","27,288"
2-17-2019,"52,256","32,358","25,515"
2-18-2019,"67,862","49,231","32,989"
2-19-2019,"72,885","55,784","34,733"
2-20-2019,"77,228","41,187","38,949"
2-21-2019,"68,696","44,225","35,761"
2-22-2019,"67,701","38,561","31,859"
2-23-2019,"61,917","47,867","25,112"
2-24-2019,"63,359","64,142","24,411"
2-25-2019,"70,083","52,697","31,913"
2-26-2019,"68,490","43,919","34,404"
2-27-2019,"68,389","47,748","34,454"
2-28-2019,"65,209","43,778","38,426"
03-01-2019,"66,912","43,329","37,672"
03-02-2019,"59,880","36,003","29,422"
03-03-2019,"55,490","37,138","26,694"
03-04-2019,"66,788","40,164","31,285"
03-05-2019,"70,140","38,910","34,224"
03-06-2019,"65,249","36,087","34,667"
03-07-2019,"68,330","49,237","34,304"
03-08-2019,"60,237","40,493","35,238"
03-09-2019,"57,435","38,624","32,739"
03-10-2019,"56,373","38,227","28,328"
03-11-2019,"62,382","49,327","33,396"
03-12-2019,"64,156","45,348","35,281"
3-13-2019,"54,412","41,807","29,352"
3-14-2019,"56,440","50,111","29,721"
3-15-2019,"59,788","37,107","27,707"
3-16-2019,"51,976","44,499","23,575"
3-17-2019,"48,137","42,418","23,118"
3-18-2019,"65,399","55,295","30,932"
3-19-2019,"64,272","49,437","31,134"
3-20-2019,"66,201","45,222","30,838"
3-21-2019,"67,073","56,611","32,123"
3-22-2019,"59,987","47,435","28,539"
3-23-2019,"52,682","34,052","25,516"
3-24-2019,"48,070","30,962","23,397"
3-25-2019,"54,700","43,900","28,248"
3-26-2019,"55,510","40,044","30,119"
3-27-2019,"56,194","47,326","30,784"
3-28-2019,"59,228","46,357","30,494"
3-29-2019,"60,672","46,418","29,737"
3-30-2019,"53,974","41,990","26,063"
3-31-2019,"44,662","37,879","23,466"
04-01-2019,"58,039","49,792","29,757"
04-02-2019,"1,01,113","78,251","36,249"
04-03-2019,"95,209","72,121","32,339"
04-04-2019,"73,993","55,909","30,400"
04-05-2019,"69,622","62,332","29,057"
04-06-2019,"62,114","44,818","24,841"
04-07-2019,"59,695","49,747","23,991"
04-08-2019,"69,963","52,703","30,977"
04-09-2019,"74,955","44,726","37,543"
04-10-2019,"67,184","57,085","33,481"
04-11-2019,"66,848","56,101","31,598"
04-12-2019,"64,552","42,277","29,558"
4-13-2019,"57,815","42,833","26,630"
4-14-2019,"55,807","42,933","26,171"
4-15-2019,"74,687","56,685","34,612"
4-16-2019,"72,451","56,122","36,839"
4-17-2019,"69,458","39,284","34,300"
4-18-2019,"65,344","37,684","35,347"
4-19-2019,"63,908","37,371","37,064"
4-20-2019,"57,803","34,151","30,762"
4-21-2019,"57,181","33,831","28,935"
4-22-2019,"66,220","45,141","33,601"
4-23-2019,"80,790","55,430","38,549"
4-24-2019,"73,736","54,560","36,317"
4-25-2019,"71,877","54,132","40,703"
4-26-2019,"66,024","43,798","37,293"
4-27-2019,"56,805","34,728","32,264"
4-28-2019,"56,451","33,978","32,832"
4-29-2019,"61,293","37,489","35,893"
4-30-2019,"70,114","38,259","37,259"
05-01-2019,"67,723","38,078","33,030"
05-02-2019,"72,530","48,019","33,582"
05-03-2019,"78,879","48,051","34,627"
05-04-2019,"63,279","41,690","29,864"
05-05-2019,"55,676","38,770","25,362"
05-06-2019,"69,505","45,980","33,913"
05-07-2019,"76,257","47,800","32,524"
05-08-2019,"91,146","66,611","35,394"
05-09-2019,"85,186","59,773","32,448"
05-10-2019,"84,749","60,146","32,039"
05-11-2019,"92,212","69,833","29,392"
05-12-2019,"86,372","63,026","26,643"
5-13-2019,"1,29,358","71,684","34,476"
5-14-2019,"1,23,497","75,841","36,867"
5-15-2019,"1,00,931","66,172","34,744"
5-16-2019,"97,509","67,493","32,124"
5-17-2019,"84,414","61,473","28,996"
5-18-2019,"67,532","44,438","26,360"
5-19-2019,"75,340","50,756","23,646"
5-20-2019,"85,127","65,587","29,722"
5-21-2019,"88,352","61,850","32,497"
5-22-2019,"88,889","57,094","30,173"
5-23-2019,"81,059","49,867","31,321"
5-24-2019,"80,711","47,937","35,493"
5-25-2019,"66,982","42,022","27,159"
5-26-2019,"68,886","57,400","23,895"
5-27-2019,"88,616","56,598","31,188"
5-28-2019,"81,885","63,618","32,387"
5-29-2019,"80,464","60,876","30,928"
5-30-2019,"85,348","66,234","32,741"
5-31-2019,"74,836","59,762","29,997"
06-01-2019,"58,634","47,654","23,790"
06-02-2019,"58,745","42,971","23,417"
06-03-2019,"67,643","63,175","31,359"
06-04-2019,"69,175","59,614","29,360"
06-05-2019,"64,806","45,373","29,045"
06-06-2019,"61,689","45,658","34,121"
06-07-2019,"62,872","57,054","32,383"
06-08-2019,"53,338","48,743","24,799"
06-09-2019,"51,613","44,261","23,750"
06-10-2019,"60,470","52,758","31,094"
06-11-2019,"58,280","41,466","30,975"
06-12-2019,"59,598","58,065","35,596"
6-13-2019,"65,451","43,207","37,631"
6-14-2019,"65,314","44,376","47,096"
6-15-2019,"58,692","42,550","35,701"
6-16-2019,"75,534","59,731","32,817"
6-17-2019,"92,378","65,211","39,297"
6-18-2019,"91,401","59,003","83,956"
6-19-2019,"77,508","59,647","60,250"
6-20-2019,"74,989","59,901","42,478"
6-21-2019,"92,734","62,783","37,883"
6-22-2019,"1,36,105","86,689","31,256"
6-23-2019,"83,364","53,428","29,047"
6-24-2019,"89,551","63,517","33,136"
6-25-2019,"99,387","85,391","34,121"
6-26-2019,"1,53,423","1,17,191","33,751"
6-27-2019,"1,10,451","85,309","31,437"
6-28-2019,"91,650","68,233","28,679"
6-29-2019,"69,031","59,607","24,098"
6-30-2019,"62,141","55,921","22,948"
07-01-2019,"77,185","68,891","28,962"
07-02-2019,"84,381","76,793","30,700"
07-03-2019,"87,896","63,442","33,398"
07-04-2019,"74,644","50,576","32,431"
07-05-2019,"68,779","63,728","31,757"
07-06-2019,"57,773","48,166","26,602"
07-07-2019,"58,807","44,916","26,148"
07-08-2019,"75,917","66,431","34,956"
07-09-2019,"80,650","71,495","32,117"
07-10-2019,"92,998","73,658","33,064"
07-11-2019,"74,719","60,185","32,060"
07-12-2019,"1,35,874","64,261","41,402"
7-13-2019,"82,534","47,840","33,222"
7-14-2019,"74,287","55,144","23,859"
7-15-2019,"85,443","55,385","33,151"
7-16-2019,"87,432","56,042","35,577"
7-17-2019,"89,755","57,014","35,913"
7-18-2019,"88,301","70,502","34,598"
7-19-2019,"83,034","68,159","35,174"
7-20-2019,"66,658","56,883","28,179"
7-21-2019,"63,516","51,909","28,397"
7-22-2019,"78,912","62,461","35,411"
7-23-2019,"72,627","56,669","37,209"
7-24-2019,"80,060","59,750","34,470"
7-25-2019,"79,646","47,642","32,619"
7-26-2019,"1,07,211","80,351","31,824"
7-27-2019,"67,226","55,612","26,946"
7-28-2019,"55,371","42,438","25,920"
7-29-2019,"68,462","58,932","33,289"
7-30-2019,"70,848","62,543","35,989"
7-31-2019,"76,115","67,035","32,881"
08-01-2019,"75,955","67,666","30,540"
08-02-2019,"74,034","60,915","28,510"
08-03-2019,"58,999","50,586","21,711"
08-04-2019,"57,704","53,614","18,955"
08-05-2019,"86,000","61,101","28,248"
08-06-2019,"80,430","71,402","29,987"
08-07-2019,"78,486","56,827","28,277"
08-08-2019,"68,726","47,476","25,681"
08-09-2019,"70,137","47,491","25,128"
08-10-2019,"1,61,836","43,536","22,848"
08-11-2019,"99,548","39,227","20,812"
08-12-2019,"1,08,694","44,339","27,624"
8-13-2019,"93,401","56,040","30,131"
8-14-2019,"81,167","58,035","29,542"
8-15-2019,"74,703","57,895","29,037"
8-16-2019,"71,163","53,675","28,021"
8-17-2019,"1,67,872","54,850","22,754"
8-18-2019,"84,895","59,317","22,095"
8-19-2019,"77,467","67,420","29,413"
8-20-2019,"73,268","54,096","28,582"
8-21-2019,"72,046","70,620","29,898"
8-22-2019,"68,947","55,557","27,685"
8-23-2019,"70,335","53,914","29,782"
8-24-2019,"59,181","55,937","24,993"
8-25-2019,"51,794","49,533","24,726"
8-26-2019,"63,222","71,127","28,858"
8-27-2019,"70,460","69,133","32,538"
8-28-2019,"69,789","71,169","33,412"
8-29-2019,"65,777","61,682","34,404"
8-30-2019,"62,645","45,383","30,331"
8-31-2019,"53,259","42,527","25,172"
09-01-2019,"54,424","49,764","24,852"
09-02-2019,"66,146","67,142","27,155"
09-03-2019,"76,093","81,061","28,558"
09-04-2019,"66,379","60,861","27,849"
09-05-2019,"62,169","59,610","30,135"
09-06-2019,"74,696","69,423","28,566"
09-07-2019,"55,023","54,025","21,850"
09-08-2019,"52,798","61,396","22,020"
09-09-2019,"65,130","39,341","25,483"
09-10-2019,"65,632","38,889","28,864"
09-11-2019,"63,106","40,398","27,668"
09-12-2019,"64,392","57,166","29,547"
9-13-2019,"58,624","53,926","28,031"
9-14-2019,"51,023","33,704","24,219"
9-15-2019,"51,115","31,146","22,596"
9-16-2019,"72,999","38,135","28,695"
9-17-2019,"64,718","56,965","29,086"
9-18-2019,"69,571","54,710","30,588"
9-19-2019,"67,430","56,801","30,768"
9-20-2019,"62,998","54,174","26,240"
9-21-2019,"52,430","36,327","24,514"
9-22-2019,"50,766","38,887","23,389"
9-23-2019,"75,000","60,682","29,635"
9-24-2019,"77,597","68,507","29,107"
9-25-2019,"79,972","49,766","28,684"
9-26-2019,"69,778","49,905","28,548"
9-27-2019,"66,532","46,646","30,177"
9-28-2019,"1,32,260","37,575","25,471"
9-29-2019,"71,721","30,644","26,688"
9-30-2019,"61,582","35,086","28,026"
10-01-2019,"65,422","34,462","28,052"
10-02-2019,"58,022","29,990","21,494"
10-03-2019,"59,864","39,759","22,377"
10-04-2019,"55,718","43,862","24,324"
10-05-2019,"48,416","28,297","21,713"
10-06-2019,"52,156","33,447","18,438"
10-07-2019,"59,749","39,323","22,884"
10-08-2019,"58,828","36,221","23,892"
10-09-2019,"64,591","42,318","27,819"
10-10-2019,"64,368","34,233","24,738"
10-11-2019,"61,812","35,069","26,482"
10-12-2019,"49,081","30,319","22,925"
10-13-2019,"48,894","28,858","18,865"
10-14-2019,"55,689","32,401","21,972"
10-15-2019,"61,491","34,167","24,650"
10-16-2019,"76,853","33,490","23,392"
10-17-2019,"72,739","33,637","23,166"
10-18-2019,"65,373","34,501","23,339"
10-19-2019,"58,044","37,192","20,126"
10-20-2019,"51,902","30,537","18,585"
10-21-2019,"60,245","32,106","22,447"
10-22-2019,"64,693","33,143","24,051"
10-23-2019,"71,539","41,374","30,115"
10-24-2019,"69,666","40,923","24,086"
10-25-2019,"72,654","45,025","22,488"
10-26-2019,"82,291","58,992","20,252"
10-27-2019,"55,497","40,563","17,523"
10-28-2019,"65,590","38,638","21,832"
10-29-2019,"64,723","38,268","22,971"
10-30-2019,"63,967","35,196","22,188"
10-31-2019,"71,554","37,225","22,989"
11-01-2019,"62,832","35,622","22,149"
11-02-2019,"53,554","30,073","19,035"
11-03-2019,"48,832","28,946","19,210"
11-04-2019,"63,367","35,838","22,521"
11-05-2019,"63,173","34,532","23,919"
11-06-2019,"64,131","33,615","27,532"
11-07-2019,"60,342","32,077","23,198"
11-08-2019,"62,261","35,169","22,578"
11-09-2019,"50,901","36,762","17,953"
11-10-2019,"49,793","34,400","16,966"
11-11-2019,"64,711","41,744","23,309"
11-12-2019,"62,150","39,544","24,216"
11-13-2019,"59,756","36,494","24,209"
11-14-2019,"63,306","37,016","24,514"
11-15-2019,"60,298","37,057","25,536"
11-16-2019,"50,348","29,107","22,555"
11-17-2019,"48,039","30,987","19,134"
11-18-2019,"59,917","38,642","22,342"
11-19-2019,"65,843","38,993","23,986"
11-20-2019,"66,341","38,985","26,440"
11-21-2019,"70,007","47,610","25,347"
11-22-2019,"72,469","47,854","24,631"
11-23-2019,"52,298","35,525","18,364"
11-24-2019,"52,293","36,024","17,665"
11-25-2019,"71,867","47,639","23,009"
11-26-2019,"74,560","45,629","28,351"
11-27-2019,"68,838","40,640","28,492"
11-28-2019,"60,399","34,807","21,635"
11-29-2019,"59,709","33,942","23,623"
11-30-2019,"49,267","29,818","20,780"
12-01-2019,"46,794","29,823","19,155"
12-02-2019,"56,564","36,840","22,247"
12-03-2019,"57,634","36,394","23,296"
12-04-2019,"64,853","47,544","22,678"
12-05-2019,"66,353","44,017","23,256"
12-06-2019,"58,985","44,352","21,990"
12-07-2019,"51,523","37,686","18,699"
12-08-2019,"50,272","37,828","17,816"
12-09-2019,"61,965","44,286","21,953"
12-10-2019,"57,435","44,297","24,465"
12-11-2019,"58,243","45,419","26,626"
12-12-2019,"58,696","44,047","26,630"
12-13-2019,"57,286","42,043","24,346"
12-14-2019,"55,302","35,624","23,872"
12-15-2019,"49,757","34,244","20,840"
12-16-2019,"63,810","43,422","26,042"
12-17-2019,"68,349","50,553","28,035"
12-18-2019,"68,656","55,200","29,333"
12-19-2019,"74,862","49,038","32,681"
12-20-2019,"65,611","46,416","32,733"
12-21-2019,"54,678","40,767","24,608"
12-22-2019,"50,971","39,562","20,857"
12-23-2019,"61,399","47,188","24,543"
12-24-2019,"57,375","47,047","24,901"
12-25-2019,"52,188","43,079","22,118"
12-26-2019,"58,640","45,899","22,440"
12-27-2019,"57,924","46,772","22,295"
12-28-2019,"53,084","45,975","20,259"
12-29-2019,"51,900","42,874","18,703"
12-30-2019,"56,903","49,876","24,134"
12-31-2019,"55,094","47,510","20,136"
01-01-2020,"52,233","39,834","17,672"
01-02-2020,"59,824","42,817","16,457"
01-03-2020,"65,876","48,473","19,554"
01-04-2020,"54,096","42,998","17,263"
01-05-2020,"51,622","41,652","16,676"
01-06-2020,"58,289","50,639","19,001"
01-07-2020,"70,482","56,579","19,540"
01-08-2020,"68,173","61,114","22,618"
01-09-2020,"65,729","46,170","21,841"
01-10-2020,"73,437","42,994","17,903"
01-11-2020,"56,884","38,915","15,537"
01-12-2020,"48,597","34,960","14,401"
1-13-2020,"54,028","39,972","16,738"
1-14-2020,"72,387","60,125","20,853"
1-15-2020,"68,460","54,269","21,120"
1-16-2020,"62,549","46,422","18,985"
1-17-2020,"61,086","49,694","18,323"
1-18-2020,"56,924","42,550","14,614"
1-19-2020,"63,633","48,710","15,079"
1-20-2020,"76,357","45,176","19,214"
1-21-2020,"68,000","45,358","20,113"
1-22-2020,"61,664","41,803","16,467"
1-23-2020,"59,819","42,712","16,537"
1-24-2020,"55,230","40,780","15,799"
1-25-2020,"48,400","38,416","14,249"
1-26-2020,"47,707","34,055","14,237"
1-27-2020,"60,441","44,574","17,963"
1-28-2020,"71,981","49,750","17,867"
1-29-2020,"73,586","50,286","18,161"
1-30-2020,"62,662","46,783","17,758"
1-31-2020,"62,829","42,741","17,230"
02-01-2020,"52,560","37,713","14,243"
02-02-2020,"1,11,594","46,541","14,948"
02-03-2020,"75,851","46,577","16,932"
02-04-2020,"77,921","53,870","18,840"
02-05-2020,"87,070","59,620","29,487"
02-06-2020,"78,456","55,614","25,125"
02-07-2020,"68,980","49,233","21,057"
02-08-2020,"60,651","43,297","17,180"
02-09-2020,"86,356","55,023","19,382"
02-10-2020,"70,994","52,099","20,870"
02-11-2020,"74,367","62,062","21,399"
02-12-2020,"78,501","60,073","24,090"
2-13-2020,"70,031","57,182","25,506"
2-14-2020,"71,192","54,696","24,199"
2-15-2020,"60,676","49,126","18,100"
2-16-2020,"59,792","48,631","18,188"
2-17-2020,"65,590","54,188","20,630"
2-18-2020,"72,153","57,295","20,983"
2-19-2020,"77,914","74,245","23,403"
2-20-2020,"69,379","66,560","19,997"
2-21-2020,"64,931","54,599","20,102"
2-22-2020,"59,857","53,046","19,533"
2-23-2020,"60,489","52,248","18,884"
2-24-2020,"72,564","57,431","21,622"
2-25-2020,"72,655","57,888","19,561"
2-26-2020,"74,175","59,870","18,755"
2-27-2020,"69,524","54,789","21,332"
2-28-2020,"74,348","59,501","20,051"
2-29-2020,"56,284","47,548","16,768"
03-01-2020,"54,317","50,090","15,158"
03-02-2020,"64,118","56,908","20,037"
03-03-2020,"67,234","53,710","26,264"
03-04-2020,"73,848","56,495","35,725"
03-05-2020,"72,236","59,572","27,714"
03-06-2020,"61,968","51,621","21,663"
03-07-2020,"52,934","50,459","15,806"
03-08-2020,"63,626","50,067","16,559"
03-09-2020,"86,880","71,314","19,537"
03-10-2020,"66,544","58,925","21,989"
03-11-2020,"62,720","62,138","20,701"
03-12-2020,"1,13,877","90,424","21,029"
3-13-2020,"1,22,499","89,451","20,032"
3-14-2020,"67,952","58,854","16,592"
3-15-2020,"59,567","57,503","16,819"
3-16-2020,"77,460","63,631","21,553"
3-17-2020,"69,214","55,065","22,862"
3-18-2020,"70,967","52,649","19,925"
3-19-2020,"78,308","68,047","18,550"
3-20-2020,"1,32,309","65,460","20,626"
3-21-2020,"78,785","56,326","16,337"
3-22-2020,"66,257","52,936","14,617"
3-23-2020,"72,616","59,138","16,894"
3-24-2020,"75,618","60,637","19,530"
3-25-2020,"72,420","58,012","19,238"
3-26-2020,"68,075","72,382","20,412"
3-27-2020,"66,883","68,188","17,554"
3-28-2020,"56,416","53,058","17,381"
3-29-2020,"58,383","53,163","18,531"
3-30-2020,"65,282","62,120","21,273"
3-31-2020,"66,800","64,133","21,234"
04-01-2020,"70,788","61,901","20,130"
04-02-2020,"76,900","66,199","19,921"
04-03-2020,"79,295","62,280","19,098"
04-04-2020,"69,816","57,984","21,067"
04-05-2020,"72,380","55,557","24,566"
04-06-2020,"86,746","68,781","26,173"
04-07-2020,"84,685","75,501","21,155"
04-08-2020,"76,413","65,815","23,818"
04-09-2020,"73,834","62,468","22,769"
04-10-2020,"72,177","65,848","22,931"
04-11-2020,"60,047","55,586","24,035"
04-12-2020,"62,383","60,171","19,545"
4-13-2020,"74,658","63,645","24,714"
4-14-2020,"85,657","70,281","31,204"
4-15-2020,"80,253","68,967","27,532"
4-16-2020,"78,602","76,043","24,732"
4-17-2020,"76,280","68,166","22,740"
4-18-2020,"65,544","67,831","20,028"
4-19-2020,"66,555","63,767","25,287"
4-20-2020,"82,979","75,792","25,304"
4-21-2020,"78,816","78,456","29,389"
4-22-2020,"72,287","79,677","27,769"
4-23-2020,"83,848","78,213","25,875"
4-24-2020,"83,829","79,364","25,167"
4-25-2020,"76,983","63,330","21,622"
4-26-2020,"77,632","81,898","23,173"
4-27-2020,"92,222","86,853","27,070"
4-28-2020,"92,800","87,840","30,665"
4-29-2020,"1,07,836","1,01,783","28,422"
4-30-2020,"1,12,132","1,06,102","28,511"
05-01-2020,"94,085","88,936","29,515"
05-02-2020,"95,710","89,765","27,175"
05-03-2020,"91,323","86,100","24,897"
05-04-2020,"97,061","84,814","27,041"
05-05-2020,"1,04,912","84,117","31,126"
05-06-2020,"1,12,229","90,055","37,981"
05-07-2020,"1,27,677","96,570","39,653"
05-08-2020,"1,20,556","85,956","32,129"
05-09-2020,"92,395","81,206","28,033"
05-10-2020,"92,420","86,233","23,721"
05-11-2020,"1,62,373","1,10,675","28,097"
05-12-2020,"1,19,327","1,06,915","30,392"
5-13-2020,"95,253","89,207","28,904"
5-14-2020,"95,249","89,125","30,854"
5-15-2020,"93,255","76,172","26,231"
5-16-2020,"1,04,274","80,455","23,246"
5-17-2020,"78,584","72,540","23,911"
5-18-2020,"91,172","79,576","30,850"
5-19-2020,"77,910","70,685","29,637"
5-20-2020,"87,438","87,766","27,021"
5-21-2020,"81,903","79,073","24,209"
5-22-2020,"95,144","95,558","25,258"
5-23-2020,"65,056","64,111","19,592"
5-24-2020,"65,648","85,227","20,737"
5-25-2020,"79,854","74,236","30,153"
5-26-2020,"69,567","68,773","27,853"
5-27-2020,"82,957","67,726","29,430"
5-28-2020,"87,684","1,51,638","35,680"
5-29-2020,"72,165","83,340","31,554"
5-30-2020,"62,251","74,552","27,839"
5-31-2020,"61,292","62,738","26,069"
06-01-2020,"72,561","74,284","28,111"
06-02-2020,"98,768","1,00,446",0
06-03-2020,"80,143","70,383",0
06-04-2020,"75,513","74,294",0
06-05-2020,"73,239","82,614",0
06-06-2020,"62,970","93,452",0
06-07-2020,"63,476","74,717",0
06-08-2020,"70,481","71,618",0
06-09-2020,"76,896","80,948",0
06-10-2020,"83,020","80,755",0
06-11-2020,"83,314","82,269",0
06-12-2020,"77,119","83,584",0
6-13-2020,"71,480","75,029",0
6-14-2020,"61,430","79,815",0
6-15-2020,"74,748","77,958",0
6-16-2020,"73,350","70,909",0
6-17-2020,"67,436","63,247",0
6-18-2020,"68,223","64,231",0
6-19-2020,"68,116","64,014",0
6-20-2020,"60,316","58,823",0
6-21-2020,"59,260","62,634",0
6-22-2020,"83,222","73,829",0
6-23-2020,"82,827","79,452",0
6-24-2020,"78,022","72,708",0
6-25-2020,"79,264","63,989",0
6-26-2020,"72,624","68,075",0
6-27-2020,"67,107","64,789",0
6-28-2020,"68,284","62,750",0
6-29-2020,"69,812","66,234",0
6-30-2020,"86,885","63,375",0
07-01-2020,"71,977","59,982",0
07-02-2020,"74,338","60,840",0
07-03-2020,"67,769","65,818",0
07-04-2020,"61,869","56,347",0
07-05-2020,"56,225","49,271",0
07-06-2020,"81,002","80,088",0
07-07-2020,"66,755","67,627",0
07-08-2020,"64,612","61,338",0
07-09-2020,"73,608","59,802",0
07-10-2020,"75,776","57,655",0
07-11-2020,"58,160","52,931",0
07-12-2020,"53,790","52,669",0
7-13-2020,"65,128","58,814",0
7-14-2020,"77,727","55,188",0
7-15-2020,"3,02,202","99,708",0
7-16-2020,"2,63,254","73,139",0
7-17-2020,"88,009","64,857",0
7-18-2020,"66,648","60,587",0
7-19-2020,"56,597","56,559",0
7-20-2020,"70,116","63,864",0
7-21-2020,"72,576","68,894",0
7-22-2020,"76,705","63,955",0
7-23-2020,"82,639","76,353",0
7-24-2020,"81,993","76,080",0
7-25-2020,"73,403","75,202",0
7-26-2020,"71,009","74,682",0
7-27-2020,"1,22,053","1,05,645",0
7-28-2020,"1,07,474","90,924",0
7-29-2020,"83,191","87,393",0
7-30-2020,"80,364","80,867",0
7-31-2020,"87,229","71,439",0
08-01-2020,"1,01,069","81,585",0
08-02-2020,"87,144","80,130",0
08-03-2020,"81,275","71,400",0
08-04-2020,"1,11,887","70,429",0
08-05-2020,"94,958","72,038",0
08-06-2020,"95,707","81,835",0
08-07-2020,"86,790","78,333",0
08-08-2020,"75,752","66,432",0
08-09-2020,"71,523","66,933",0
08-10-2020,"91,272","81,113",0
08-11-2020,"93,185","81,189",0
08-12-2020,"86,996","78,589",0
8-13-2020,"82,911","78,927",0
8-14-2020,"88,480","83,343",0
8-15-2020,"88,311","89,742",0
8-16-2020,"75,677","80,433",0
8-17-2020,"96,734","95,578",0
8-18-2020,"91,926","77,612",0
8-19-2020,"82,995","77,164",0
8-20-2020,"82,605","79,496",0
8-21-2020,"88,404","85,001",0
8-22-2020,"75,256","76,285",0
8-23-2020,"73,594","73,229",0
8-24-2020,"85,794","75,866",0
8-25-2020,"86,232","75,108",0
8-26-2020,"80,036","76,536",0
8-27-2020,"85,254","87,780",0
8-28-2020,"86,411","80,062",0
8-29-2020,"74,157","80,364",0
8-30-2020,"64,586","51,280","21,607"
8-31-2020,"79,598","50,823","24,231"
09-01-2020,"84,667","63,572","27,358"
09-02-2020,"81,120","60,765","28,652"
09-03-2020,"88,436","64,094","29,395"
09-04-2020,"84,038","59,579","24,917"
09-05-2020,"70,035","52,586","21,342"
09-06-2020,"58,747","45,649","22,688"
09-07-2020,"73,090","56,234","22,320"
09-08-2020,"80,981","58,865","27,913"
09-09-2020,"93,259","77,376","31,201"
09-10-2020,"82,488","51,446","31,450"
09-11-2020,"74,306","50,698","26,199"
09-12-2020,"65,032","45,084","26,480"
9-13-2020,"65,932","40,715","23,742"
9-14-2020,"71,690","44,607","28,805"
9-15-2020,"85,569","49,175","28,362"
9-16-2020,"81,140","51,055","27,595"
9-17-2020,"77,197","47,204","28,558"
9-18-2020,"74,250","69,856","25,706"
9-19-2020,"65,125","58,966","26,270"
9-20-2020,"65,847","52,331","23,492"
9-21-2020,"85,954","55,826","28,398"
9-22-2020,"86,806","46,311","26,505"
9-23-2020,"93,069","47,151","25,547"
9-24-2020,"82,064","45,352","24,775"
9-25-2020,"81,033","44,214","24,520"
9-26-2020,"59,859","38,676","24,573"
9-27-2020,"82,969","37,557","32,477"
9-28-2020,"88,659","44,174","27,887"
9-29-2020,"90,547","54,044","37,350"
9-30-2020,"99,261","56,505","44,067"
10-01-2020,"1,10,516","59,792","47,599"
10-02-2020,"1,04,201","58,006","56,207"
10-03-2020,"89,505","47,001","35,355"
10-04-2020,"71,945","48,231","25,766"
10-05-2020,"76,960","62,639","30,901"
10-06-2020,"81,581","69,144","30,594"
10-07-2020,"86,378","63,744","30,300"
10-08-2020,"1,18,093","61,030","49,452"
10-09-2020,"1,21,362","56,820","49,090"
10-10-2020,"1,26,920","57,222","48,648"
10-11-2020,"87,822","54,601","32,513"
10-12-2020,"98,062","66,722","37,915"
10-13-2020,"1,64,716","83,845","38,529"
10-14-2020,"1,66,564","60,942","35,245"
10-15-2020,"1,48,097","51,023","41,175"
10-16-2020,"1,24,575","53,346","38,001"
10-17-2020,"87,177","51,111","34,183"
10-18-2020,"74,998","47,957","1,18,740"
10-19-2020,"96,838","54,960","49,244"
10-20-2020,"1,01,220","67,494","35,737"
10-21-2020,"1,72,741","86,238","54,762"
10-22-2020,"1,21,509","64,361","36,493"
10-23-2020,"88,330","53,084","24,657"
10-24-2020,"85,395","46,637","23,897"
10-25-2020,"78,157","49,692","23,688"
10-26-2020,"96,616","62,869","34,351"
10-27-2020,"1,12,803","68,405","28,479"
10-28-2020,"1,01,024","57,732","29,166"
10-29-2020,"89,710","62,700","26,638"
10-30-2020,"84,208","67,270","23,179"
10-31-2020,"97,924","67,902","26,842"
11-01-2020,"88,015","61,299","22,963"
11-02-2020,"83,983","63,796","29,572"
11-03-2020,"96,268","62,600","39,605"
11-04-2020,"99,693","63,559","35,057"
11-05-2020,"1,35,809","92,309","27,635"
11-06-2020,"1,28,191","82,450","30,412"
11-07-2020,"84,404","66,769","26,752"
11-08-2020,"79,008","57,917","24,357"
11-09-2020,"97,730","69,396","29,941"
11-10-2020,"88,433","67,717","23,722"
11-11-2020,"98,188","68,358","24,416"
11-12-2020,"1,14,691","73,621","29,867"
11-13-2020,"1,16,111","66,022","35,530"
11-14-2020,"86,610","57,797","26,220"
11-15-2020,"84,304","52,406","24,762"
11-16-2020,"1,15,019","65,798","28,627"
11-17-2020,"1,73,769","96,874","26,829"
11-18-2020,"1,74,489","1,01,307","24,632"
11-19-2020,"1,14,423","81,662","26,599"
11-20-2020,"1,25,812","94,610","24,283"
11-21-2020,"1,12,920","79,956","23,203"
11-22-2020,"95,370","66,295","19,691"
11-23-2020,"1,06,896","1,01,677","30,926"
11-24-2020,"1,59,420","1,04,594","31,056"
11-25-2020,"1,18,074","76,460","30,863"
11-26-2020,"1,28,483","91,808","26,868"
11-27-2020,"1,15,367","69,611","30,809"
11-28-2020,"97,180","68,873","27,976"
11-29-2020,"95,837","70,122","23,197"
11-30-2020,"1,72,246","1,04,955",0
12-01-2020,"1,45,143","98,607",0
12-02-2020,"1,10,069","78,776",0
12-03-2020,"1,08,956","74,201",0
12-04-2020,"1,13,161","67,867",0
12-05-2020,"90,805","62,824",0
12-06-2020,"88,331","63,813",0
12-07-2020,"98,209","72,495",0
12-08-2020,"99,324","79,370",0
12-09-2020,"1,06,487","81,289",0
12-10-2020,"98,360","70,011",0
12-11-2020,"91,530","70,059",0
12-12-2020,"91,692","65,609",0
12-13-2020,"93,236","77,063",0
12-14-2020,"93,756","74,810",0
12-15-2020,"1,04,706","84,990",0
12-16-2020,"2,39,239","1,31,344",0
12-17-2020,"2,63,897","1,46,143",0
12-18-2020,"1,98,999","1,24,210",0
12-19-2020,"1,28,565","90,277",0
12-20-2020,"1,54,623","1,09,090",0
12-21-2020,"1,45,389","1,04,572",0
12-22-2020,"1,16,458","60,088",0
12-23-2020,"1,09,737","68,993","25,347"
12-24-2020,"1,01,322","62,250","21,100"
12-25-2020,"1,00,806","58,904","23,312"
12-26-2020,"1,56,884","75,310","23,761"
12-27-2020,"1,99,849","1,00,703","24,431"
12-28-2020,"1,54,312","81,905","30,070"
12-29-2020,"1,73,056","72,349","29,733"
12-30-2020,"1,92,624","85,023","29,792"
12-31-2020,"1,57,828","75,607","24,540"
01-01-2021,"1,21,107","58,933","19,236"
01-02-2021,"2,85,845","1,15,788","27,588"
01-03-2021,"2,94,822","1,18,723","33,892"
01-04-2021,"2,00,972","1,05,182","35,342"
01-05-2021,"1,71,683","83,494","40,122"
01-06-2021,"2,04,137","99,557","40,073"
01-07-2021,"2,87,721","1,32,887","47,017"
01-08-2021,"2,80,462","1,52,282","57,359"
01-09-2021,"2,21,088","1,19,101","42,919"
01-10-2021,"1,77,694","1,01,999","35,047"
01-11-2021,"2,60,814","1,38,296","45,600"
01-12-2021,"2,11,505","97,206","53,417"
1-13-2021,"2,19,811","97,148","38,526"
1-14-2021,"2,60,850","97,499","34,909"
1-15-2021,"2,00,887","92,111","37,173"
1-16-2021,"1,51,737","76,438","28,019"
1-17-2021,"1,46,886","76,356","26,395"
1-18-2021,"1,79,038","87,654","48,074"
1-19-2021,"3,06,829","90,162","53,258"
1-20-2021,"1,54,433","81,565","42,834"
1-21-2021,"1,97,018","1,32,188","48,515"
1-22-2021,"2,01,245","1,34,761","40,580"
1-23-2021,"1,27,190","92,760","28,002"
1-24-2021,"1,19,523","1,01,142","33,391"
1-25-2021,"1,60,212","1,14,843","36,024"
1-26-2021,"1,35,462","92,280","32,103"
1-27-2021,"1,69,686","1,11,751","41,453"
1-28-2021,"2,25,480","1,43,393","63,741"
1-29-2021,"3,81,739","1,79,700","79,937"
1-30-2021,"2,17,965","1,53,755","43,292"
1-31-2021,"1,56,527","99,601","49,991"
02-01-2021,"2,32,069","1,11,376","49,623"
02-02-2021,"2,18,146","1,00,367","51,356"
02-03-2021,"2,06,301","1,12,687","50,811"
02-04-2021,"1,78,152","1,10,949","53,633"
02-05-2021,"2,75,888","1,25,699","1,20,448"
02-06-2021,"2,44,025","1,19,517","89,821"
02-07-2021,"2,44,729","1,03,218","60,114"
02-08-2021,"5,42,571","2,32,606","89,447"
02-09-2021,"4,61,123","1,87,001","86,556"
02-10-2021,"3,61,100","1,61,705","78,562"
02-11-2021,"3,14,479","1,52,979","80,383"
02-12-2021,"3,02,781","1,70,211","68,126"
2-13-2021,"2,31,463","1,29,560","57,761"
2-14-2021,"2,23,164","1,36,290","45,555"
2-15-2021,"2,13,891","1,31,953","50,637"
2-16-2021,"3,07,721","1,54,599","57,085"
2-17-2021,"3,31,385","1,68,601","71,212"
2-18-2021,"2,79,036","1,49,388","76,520"
2-19-2021,"3,49,505","1,67,592","62,740"
2-20-2021,"11,57,539","1,58,304","65,377"
2-21-2021,"3,70,935","1,46,554","65,699"
2-22-2021,"2,87,930","1,68,145","56,376"
2-23-2021,"3,27,938","1,87,677","53,958"
2-24-2021,"2,96,327","1,63,270","61,515"
2-25-2021,"2,30,102","1,62,050","90,715"
2-26-2021,"2,25,925","1,35,266","86,306"
2-27-2021,"1,85,446","1,31,519","60,987"
2-28-2021,"1,93,785","1,34,453","57,739"
03-01-2021,"2,57,824","1,60,022","85,489"
03-02-2021,"2,32,324","1,42,645","67,937"
03-03-2021,"2,31,881","1,39,094","75,175"
03-04-2021,"2,00,423","1,27,169","63,635"
03-05-2021,"1,95,144","1,27,701","62,599"
03-06-2021,"1,72,879","1,16,887","65,165"
03-07-2021,"1,92,301","1,20,470","52,541"
03-08-2021,"2,10,929","1,33,977","59,471"
03-09-2021,"2,14,401","1,13,131",0
03-10-2021,"2,05,808","1,36,636",0
03-11-2021,"2,19,561","1,36,606",0
03-12-2021,"2,44,222","1,65,562",0
3-13-2021,"3,19,303","1,79,490",0
3-14-2021,"2,23,675","1,23,742",0
3-15-2021,"2,20,548","1,50,913",0
3-16-2021,"2,15,274","1,37,118",0
3-17-2021,"2,69,157","1,51,967",0
3-18-2021,"2,54,824","1,40,883",0
3-19-2021,"2,47,168","1,31,214",0
3-20-2021,"2,00,405","1,18,680",0
3-21-2021,"1,84,361","1,28,206",0
3-22-2021,"2,17,069","1,40,731",0
3-23-2021,"2,00,844","1,52,468",0
3-24-2021,"4,23,368","1,70,472",0
3-25-2021,"2,95,040","1,57,220",0
3-26-2021,"2,34,527","1,31,805",0
3-27-2021,"1,98,970","1,12,888",0
3-28-2021,"1,81,073","1,05,829",0
3-29-2021,"2,33,446","1,22,243",0
3-30-2021,"2,54,879","1,24,838",0
3-31-2021,"2,98,167","1,43,289",0
04-01-2021,"2,54,066","1,27,494","87,675"
04-02-2021,"1,86,053","1,47,843","64,391"
04-03-2021,"1,65,376","1,21,428","61,403"
04-04-2021,"1,81,280","1,04,343","48,688"
04-05-2021,"2,24,806","1,36,717","68,865"
04-06-2021,"2,30,452","1,38,683","64,683"
04-07-2021,"2,47,205","1,55,967","77,413"
04-08-2021,"2,46,974","1,40,641","82,246"
04-09-2021,"2,30,954","1,29,027","87,663"
04-10-2021,"2,46,643","1,40,238","73,395"
04-11-2021,"2,36,389","1,45,802","95,464"
04-12-2021,"2,62,115","1,36,644","69,795"
4-13-2021,"3,33,997","1,67,266","88,590"
4-14-2021,"3,84,983","1,87,593","1,09,397"
4-15-2021,"3,17,420","1,54,280","82,201"
4-16-2021,"2,89,661","1,65,379","83,219"
4-17-2021,"2,28,240","1,24,819","60,328"
4-18-2021,"3,54,021","2,01,381","65,451"
4-19-2021,"2,53,844","1,45,678","91,837"
4-20-2021,"2,41,068","1,41,962","91,945"
4-21-2021,"2,38,599","1,34,048","81,919"
4-22-2021,"2,85,229","1,63,568","86,136"
4-23-2021,"3,25,139","2,06,712","78,829"
4-24-2021,"2,33,596","1,56,685","54,886"
4-25-2021,"2,41,995","1,71,178","51,255"
4-26-2021,"3,11,025","1,73,863","88,221"
4-27-2021,"2,90,649","1,55,042","78,474"
4-28-2021,"2,51,720","1,45,366","83,297"
4-29-2021,"2,38,209","1,38,351","95,141"
4-30-2021,"2,43,003","1,59,125","1,18,899"
05-01-2021,"2,28,659","1,54,163","1,15,378"
05-02-2021,"2,14,474","1,21,432","1,02,460"
05-03-2021,"2,20,094","1,48,468","1,04,612"
05-04-2021,"2,16,450","1,59,363","1,07,960"
05-05-2021,"2,51,181","1,59,448","1,40,914"
05-06-2021,"2,82,089","1,60,265","1,37,665"
05-07-2021,"3,13,484","1,65,942","1,92,558"
05-08-2021,"2,32,248","1,43,586","1,21,339"
05-09-2021,"1,96,093","1,58,680","1,62,263"
05-10-2021,"2,34,326","1,73,847","1,73,981"
05-11-2021,"2,16,070","1,47,172","1,09,489"
05-12-2021,"3,15,319","1,80,098","1,09,288"
5-13-2021,"6,96,356","3,26,911","1,59,538"
5-14-2021,"3,32,431","1,82,777","1,10,092"
5-15-2021,"2,47,286","1,64,829","97,391"
5-16-2021,"3,88,839","2,26,375","1,31,991"
5-17-2021,"4,63,694","3,13,265","1,39,416"
5-18-2021,"3,29,706","2,00,929","1,40,191"
5-19-2021,"7,55,697","4,28,304","1,80,673"
5-20-2021,"4,51,522","2,66,352","1,38,664"
5-21-2021,"4,61,030","2,24,123","1,32,161"
5-22-2021,"4,09,983","2,05,070","1,25,672"
5-23-2021,"3,73,631","2,30,696","1,06,294"
5-24-2021,"4,23,949","2,18,896","1,22,614"
5-25-2021,"3,34,820","1,94,270","1,41,843"
5-26-2021,"2,94,854","1,94,782","1,46,226"
5-27-2021,"2,82,447","1,64,470","1,64,933"
5-28-2021,"3,37,560","1,68,729","1,57,948"
5-29-2021,"2,51,487","1,50,380","1,18,055"
5-30-2021,"2,50,864","1,47,665","1,23,843"
5-31-2021,"2,57,494","1,50,028","1,32,022"
06-01-2021,"2,65,137","1,69,635","1,70,277"
06-02-2021,"2,57,491","1,60,390","1,51,397"
06-03-2021,"2,42,066","1,46,698","1,23,643"
06-04-2021,"4,08,466","1,93,795","1,40,744"
06-05-2021,"4,25,704","1,82,334","1,37,880"
06-06-2021,"5,03,507","2,02,913","1,11,051"
06-07-2021,"4,87,915","1,93,901","1,57,348"
06-08-2021,"4,40,027","2,20,154","1,53,974"
06-09-2021,"6,70,613","2,79,485","1,28,889"
06-10-2021,"5,42,464","2,07,554","1,25,579"
06-11-2021,"3,95,914","1,89,855","1,23,210"
06-12-2021,"3,17,808","1,46,572","92,775"
6-13-2021,"3,18,178","2,21,878","94,580"
6-14-2021,"3,85,531","2,04,291","1,19,236"
6-15-2021,"2,97,823","1,80,210","1,16,415"
6-16-2021,"2,90,130","1,64,523","1,12,291"
6-17-2021,"3,23,870","1,81,174","1,50,823"
6-18-2021,"2,96,814","1,86,433","1,19,322"
6-19-2021,"2,91,441","1,47,997","1,05,982"
6-20-2021,"2,67,860","1,52,841","1,01,410"
6-21-2021,"3,54,583","1,96,461","1,13,223"
6-22-2021,"3,69,978","2,18,384","1,06,494"
6-23-2021,"3,06,583","1,83,209","1,33,700"
6-24-2021,"2,76,300","1,64,450","1,06,930"
6-25-2021,"3,69,539","1,72,673","1,08,826"
6-26-2021,"2,60,201","1,66,587","88,493"
6-27-2021,"2,63,049","1,48,901","97,769"
6-28-2021,"3,39,201","1,73,866","1,35,568"
6-29-2021,"3,04,609","1,63,852","1,22,703"
6-30-2021,"2,71,828","2,04,532","1,12,410"
07-01-2021,"2,65,441","1,91,411","98,380"
07-02-2021,"2,51,951","1,93,234",0
07-03-2021,"2,36,420","1,96,743",0
07-04-2021,"2,07,463","1,66,645",0
07-05-2021,"2,52,939","1,95,479",0
07-06-2021,"2,60,871","1,76,039",0
07-07-2021,"3,25,946","1,67,094",0
07-08-2021,"2,92,358","1,90,432",0
07-09-2021,"2,79,072","1,72,562",0
07-10-2021,"2,24,956","1,47,471",0
